-- Adminer 4.8.1 MySQL 5.5.5-10.2.41-MariaDB dump

SET NAMES utf8;
SET time_zone = '+00:00';
SET foreign_key_checks = 0;
SET sql_mode = 'NO_AUTO_VALUE_ON_ZERO';

DROP TABLE IF EXISTS `admin`;
CREATE TABLE `admin` (
  `id` int(11) NOT NULL AUTO_INCREMENT,
  `first_name` varchar(255) NOT NULL,
  `last_name` varchar(255) NOT NULL,
  `email` varchar(255) NOT NULL,
  `role` varchar(25) NOT NULL,
  `status` enum('Active','Deactive') NOT NULL DEFAULT 'Active',
  `email_verified_at` timestamp NULL DEFAULT current_timestamp(),
  `password` varchar(255) NOT NULL,
  `remember_token` varchar(255) DEFAULT NULL,
  `created_at` timestamp NULL DEFAULT NULL,
  `updated_at` timestamp NULL DEFAULT NULL,
  PRIMARY KEY (`id`)
) ENGINE=InnoDB DEFAULT CHARSET=latin1;

INSERT INTO `admin` (`id`, `first_name`, `last_name`, `email`, `role`, `status`, `email_verified_at`, `password`, `remember_token`, `created_at`, `updated_at`) VALUES
(1,	'Rishabh',	'Sharma',	'dev4.infosparkles@gmail.com',	'Admin',	'Active',	'2023-05-23 09:54:19',	'$2y$10$shrmjCyaaYqe7bWxVQTFkuoJv.RLjGS3HnORzLgtCz4yuNx.zsxRG',	NULL,	'2023-05-23 00:21:51',	'2023-05-23 00:21:51');

DROP TABLE IF EXISTS `contact_us`;
CREATE TABLE `contact_us` (
  `id` int(11) NOT NULL AUTO_INCREMENT,
  `full_name` varchar(255) DEFAULT NULL,
  `email` varchar(255) DEFAULT NULL,
  `phone_number` varchar(25) DEFAULT NULL,
  `message` text DEFAULT NULL,
  `created_at` datetime NOT NULL DEFAULT '0000-00-00 00:00:00' ON UPDATE current_timestamp(),
  `updated_at` datetime NOT NULL,
  PRIMARY KEY (`id`)
) ENGINE=InnoDB DEFAULT CHARSET=latin1;

INSERT INTO `contact_us` (`id`, `full_name`, `email`, `phone_number`, `message`, `created_at`, `updated_at`) VALUES
(1,	'Rishabh S',	'dev4.infosparkles@gmail.com',	'9826547888',	'Test Mesage',	'2023-05-26 06:38:23',	'2023-05-26 06:38:23'),
(2,	'Mohit Jhala',	'dev10infosparkles@gmail.com',	'7828079364',	'Hello',	'2023-05-30 12:03:05',	'2023-05-30 12:03:05'),
(3,	'Tongai',	'tongai.kabaira@gmail.com',	'00236779498983',	'Testing',	'2023-07-11 10:03:58',	'2023-07-11 10:03:58'),
(4,	'Rishabh S',	'dev4.infosparkles@gmail.com',	'9826547888',	'Test Mesage',	'2023-07-12 10:53:28',	'2023-07-12 10:53:28'),
(5,	'Mobeen Khan',	'mobeensamikhan.india@gmail.com',	'1234567890',	'Hello',	'2023-07-12 10:53:38',	'2023-07-12 10:53:38'),
(6,	'Rishabh S',	'dev4.infosparkles@gmail.com',	'9826547888',	'Test Mesage',	'2023-07-12 10:58:56',	'2023-07-12 10:58:56'),
(7,	'Mohit',	'm@gmail.com',	'1234567890',	'fh',	'2023-07-12 11:05:59',	'2023-07-12 11:05:59');

DROP TABLE IF EXISTS `countries`;
CREATE TABLE `countries` (
  `id` int(11) NOT NULL AUTO_INCREMENT,
  `sortname` varchar(3) DEFAULT NULL,
  `name` varchar(150) DEFAULT NULL,
  `phonecode` int(11) DEFAULT NULL,
  `created_at` datetime DEFAULT NULL ON UPDATE current_timestamp(),
  `updated_at` datetime DEFAULT NULL,
  PRIMARY KEY (`id`)
) ENGINE=InnoDB DEFAULT CHARSET=utf8;

INSERT INTO `countries` (`id`, `sortname`, `name`, `phonecode`, `created_at`, `updated_at`) VALUES
(1,	'AF',	'Afghanistan',	93,	NULL,	NULL),
(2,	'AL',	'Albania',	355,	NULL,	NULL),
(3,	'DZ',	'Algeria',	213,	NULL,	NULL),
(4,	'AS',	'American Samoa',	1684,	NULL,	NULL),
(5,	'AD',	'Andorra',	376,	NULL,	NULL),
(6,	'AO',	'Angola',	244,	NULL,	NULL),
(7,	'AI',	'Anguilla',	1264,	NULL,	NULL),
(8,	'AQ',	'Antarctica',	0,	NULL,	NULL),
(9,	'AG',	'Antigua And Barbuda',	1268,	NULL,	NULL),
(10,	'AR',	'Argentina',	54,	NULL,	NULL),
(11,	'AM',	'Armenia',	374,	NULL,	NULL),
(12,	'AW',	'Aruba',	297,	NULL,	NULL),
(13,	'AU',	'Australia',	61,	NULL,	NULL),
(14,	'AT',	'Austria',	43,	NULL,	NULL),
(15,	'AZ',	'Azerbaijan',	994,	NULL,	NULL),
(16,	'BS',	'Bahamas The',	1242,	NULL,	NULL),
(17,	'BH',	'Bahrain',	973,	NULL,	NULL),
(18,	'BD',	'Bangladesh',	880,	NULL,	NULL),
(19,	'BB',	'Barbados',	1246,	NULL,	NULL),
(20,	'BY',	'Belarus',	375,	NULL,	NULL),
(21,	'BE',	'Belgium',	32,	NULL,	NULL),
(22,	'BZ',	'Belize',	501,	NULL,	NULL),
(23,	'BJ',	'Benin',	229,	NULL,	NULL),
(24,	'BM',	'Bermuda',	1441,	NULL,	NULL),
(25,	'BT',	'Bhutan',	975,	NULL,	NULL),
(26,	'BO',	'Bolivia',	591,	NULL,	NULL),
(27,	'BA',	'Bosnia and Herzegovina',	387,	NULL,	NULL),
(28,	'BW',	'Botswana',	267,	NULL,	NULL),
(29,	'BV',	'Bouvet Island',	0,	NULL,	NULL),
(30,	'BR',	'Brazil',	55,	NULL,	NULL),
(31,	'IO',	'British Indian Ocean Territory',	246,	NULL,	NULL),
(32,	'BN',	'Brunei',	673,	NULL,	NULL),
(33,	'BG',	'Bulgaria',	359,	NULL,	NULL),
(34,	'BF',	'Burkina Faso',	226,	NULL,	NULL),
(35,	'BI',	'Burundi',	257,	NULL,	NULL),
(36,	'KH',	'Cambodia',	855,	NULL,	NULL),
(37,	'CM',	'Cameroon',	237,	NULL,	NULL),
(38,	'CA',	'Canada',	1,	NULL,	NULL),
(39,	'CV',	'Cape Verde',	238,	NULL,	NULL),
(40,	'KY',	'Cayman Islands',	1345,	NULL,	NULL),
(41,	'CF',	'Central African Republic',	236,	NULL,	NULL),
(42,	'TD',	'Chad',	235,	NULL,	NULL),
(43,	'CL',	'Chile',	56,	NULL,	NULL),
(44,	'CN',	'China',	86,	NULL,	NULL),
(45,	'CX',	'Christmas Island',	61,	NULL,	NULL),
(46,	'CC',	'Cocos (Keeling) Islands',	672,	NULL,	NULL),
(47,	'CO',	'Colombia',	57,	NULL,	NULL),
(48,	'KM',	'Comoros',	269,	NULL,	NULL),
(49,	'CG',	'Republic Of The Congo',	242,	NULL,	NULL),
(50,	'CD',	'Democratic Republic Of The Congo',	242,	NULL,	NULL),
(51,	'CK',	'Cook Islands',	682,	NULL,	NULL),
(52,	'CR',	'Costa Rica',	506,	NULL,	NULL),
(53,	'CI',	'Cote D\'Ivoire (Ivory Coast)',	225,	NULL,	NULL),
(54,	'HR',	'Croatia (Hrvatska)',	385,	NULL,	NULL),
(55,	'CU',	'Cuba',	53,	NULL,	NULL),
(56,	'CY',	'Cyprus',	357,	NULL,	NULL),
(57,	'CZ',	'Czech Republic',	420,	NULL,	NULL),
(58,	'DK',	'Denmark',	45,	NULL,	NULL),
(59,	'DJ',	'Djibouti',	253,	NULL,	NULL),
(60,	'DM',	'Dominica',	1767,	NULL,	NULL),
(61,	'DO',	'Dominican Republic',	1809,	NULL,	NULL),
(62,	'TP',	'East Timor',	670,	NULL,	NULL),
(63,	'EC',	'Ecuador',	593,	NULL,	NULL),
(64,	'EG',	'Egypt',	20,	NULL,	NULL),
(65,	'SV',	'El Salvador',	503,	NULL,	NULL),
(66,	'GQ',	'Equatorial Guinea',	240,	NULL,	NULL),
(67,	'ER',	'Eritrea',	291,	NULL,	NULL),
(68,	'EE',	'Estonia',	372,	NULL,	NULL),
(69,	'ET',	'Ethiopia',	251,	NULL,	NULL),
(70,	'XA',	'External Territories of Australia',	61,	NULL,	NULL),
(71,	'FK',	'Falkland Islands',	500,	NULL,	NULL),
(72,	'FO',	'Faroe Islands',	298,	NULL,	NULL),
(73,	'FJ',	'Fiji Islands',	679,	NULL,	NULL),
(74,	'FI',	'Finland',	358,	NULL,	NULL),
(75,	'FR',	'France',	33,	NULL,	NULL),
(76,	'GF',	'French Guiana',	594,	NULL,	NULL),
(77,	'PF',	'French Polynesia',	689,	NULL,	NULL),
(78,	'TF',	'French Southern Territories',	0,	NULL,	NULL),
(79,	'GA',	'Gabon',	241,	NULL,	NULL),
(80,	'GM',	'Gambia The',	220,	NULL,	NULL),
(81,	'GE',	'Georgia',	995,	NULL,	NULL),
(82,	'DE',	'Germany',	49,	NULL,	NULL),
(83,	'GH',	'Ghana',	233,	NULL,	NULL),
(84,	'GI',	'Gibraltar',	350,	NULL,	NULL),
(85,	'GR',	'Greece',	30,	NULL,	NULL),
(86,	'GL',	'Greenland',	299,	NULL,	NULL),
(87,	'GD',	'Grenada',	1473,	NULL,	NULL),
(88,	'GP',	'Guadeloupe',	590,	NULL,	NULL),
(89,	'GU',	'Guam',	1671,	NULL,	NULL),
(90,	'GT',	'Guatemala',	502,	NULL,	NULL),
(91,	'XU',	'Guernsey and Alderney',	44,	NULL,	NULL),
(92,	'GN',	'Guinea',	224,	NULL,	NULL),
(93,	'GW',	'Guinea-Bissau',	245,	NULL,	NULL),
(94,	'GY',	'Guyana',	592,	NULL,	NULL),
(95,	'HT',	'Haiti',	509,	NULL,	NULL),
(96,	'HM',	'Heard and McDonald Islands',	0,	NULL,	NULL),
(97,	'HN',	'Honduras',	504,	NULL,	NULL),
(98,	'HK',	'Hong Kong S.A.R.',	852,	NULL,	NULL),
(99,	'HU',	'Hungary',	36,	NULL,	NULL),
(100,	'IS',	'Iceland',	354,	NULL,	NULL),
(101,	'IN',	'India',	91,	NULL,	NULL),
(102,	'ID',	'Indonesia',	62,	NULL,	NULL),
(103,	'IR',	'Iran',	98,	NULL,	NULL),
(104,	'IQ',	'Iraq',	964,	NULL,	NULL),
(105,	'IE',	'Ireland',	353,	NULL,	NULL),
(106,	'IL',	'Israel',	972,	NULL,	NULL),
(107,	'IT',	'Italy',	39,	NULL,	NULL),
(108,	'JM',	'Jamaica',	1876,	NULL,	NULL),
(109,	'JP',	'Japan',	81,	NULL,	NULL),
(110,	'XJ',	'Jersey',	44,	NULL,	NULL),
(111,	'JO',	'Jordan',	962,	NULL,	NULL),
(112,	'KZ',	'Kazakhstan',	7,	NULL,	NULL),
(113,	'KE',	'Kenya',	254,	NULL,	NULL),
(114,	'KI',	'Kiribati',	686,	NULL,	NULL),
(115,	'KP',	'Korea North',	850,	NULL,	NULL),
(116,	'KR',	'Korea South',	82,	NULL,	NULL),
(117,	'KW',	'Kuwait',	965,	NULL,	NULL),
(118,	'KG',	'Kyrgyzstan',	996,	NULL,	NULL),
(119,	'LA',	'Laos',	856,	NULL,	NULL),
(120,	'LV',	'Latvia',	371,	NULL,	NULL),
(121,	'LB',	'Lebanon',	961,	NULL,	NULL),
(122,	'LS',	'Lesotho',	266,	NULL,	NULL),
(123,	'LR',	'Liberia',	231,	NULL,	NULL),
(124,	'LY',	'Libya',	218,	NULL,	NULL),
(125,	'LI',	'Liechtenstein',	423,	NULL,	NULL),
(126,	'LT',	'Lithuania',	370,	NULL,	NULL),
(127,	'LU',	'Luxembourg',	352,	NULL,	NULL),
(128,	'MO',	'Macau S.A.R.',	853,	NULL,	NULL),
(129,	'MK',	'Macedonia',	389,	NULL,	NULL),
(130,	'MG',	'Madagascar',	261,	NULL,	NULL),
(131,	'MW',	'Malawi',	265,	NULL,	NULL),
(132,	'MY',	'Malaysia',	60,	NULL,	NULL),
(133,	'MV',	'Maldives',	960,	NULL,	NULL),
(134,	'ML',	'Mali',	223,	NULL,	NULL),
(135,	'MT',	'Malta',	356,	NULL,	NULL),
(136,	'XM',	'Man (Isle of)',	44,	NULL,	NULL),
(137,	'MH',	'Marshall Islands',	692,	NULL,	NULL),
(138,	'MQ',	'Martinique',	596,	NULL,	NULL),
(139,	'MR',	'Mauritania',	222,	NULL,	NULL),
(140,	'MU',	'Mauritius',	230,	NULL,	NULL),
(141,	'YT',	'Mayotte',	269,	NULL,	NULL),
(142,	'MX',	'Mexico',	52,	NULL,	NULL),
(143,	'FM',	'Micronesia',	691,	NULL,	NULL),
(144,	'MD',	'Moldova',	373,	NULL,	NULL),
(145,	'MC',	'Monaco',	377,	NULL,	NULL),
(146,	'MN',	'Mongolia',	976,	NULL,	NULL),
(147,	'MS',	'Montserrat',	1664,	NULL,	NULL),
(148,	'MA',	'Morocco',	212,	NULL,	NULL),
(149,	'MZ',	'Mozambique',	258,	NULL,	NULL),
(150,	'MM',	'Myanmar',	95,	NULL,	NULL),
(151,	'NA',	'Namibia',	264,	NULL,	NULL),
(152,	'NR',	'Nauru',	674,	NULL,	NULL),
(153,	'NP',	'Nepal',	977,	NULL,	NULL),
(154,	'AN',	'Netherlands Antilles',	599,	NULL,	NULL),
(155,	'NL',	'Netherlands The',	31,	NULL,	NULL),
(156,	'NC',	'New Caledonia',	687,	NULL,	NULL),
(157,	'NZ',	'New Zealand',	64,	NULL,	NULL),
(158,	'NI',	'Nicaragua',	505,	NULL,	NULL),
(159,	'NE',	'Niger',	227,	NULL,	NULL),
(160,	'NG',	'Nigeria',	234,	NULL,	NULL),
(161,	'NU',	'Niue',	683,	NULL,	NULL),
(162,	'NF',	'Norfolk Island',	672,	NULL,	NULL),
(163,	'MP',	'Northern Mariana Islands',	1670,	NULL,	NULL),
(164,	'NO',	'Norway',	47,	NULL,	NULL),
(165,	'OM',	'Oman',	968,	NULL,	NULL),
(166,	'PK',	'Pakistan',	92,	NULL,	NULL),
(167,	'PW',	'Palau',	680,	NULL,	NULL),
(168,	'PS',	'Palestinian Territory Occupied',	970,	NULL,	NULL),
(169,	'PA',	'Panama',	507,	NULL,	NULL),
(170,	'PG',	'Papua new Guinea',	675,	NULL,	NULL),
(171,	'PY',	'Paraguay',	595,	NULL,	NULL),
(172,	'PE',	'Peru',	51,	NULL,	NULL),
(173,	'PH',	'Philippines',	63,	NULL,	NULL),
(174,	'PN',	'Pitcairn Island',	0,	NULL,	NULL),
(175,	'PL',	'Poland',	48,	NULL,	NULL),
(176,	'PT',	'Portugal',	351,	NULL,	NULL),
(177,	'PR',	'Puerto Rico',	1787,	NULL,	NULL),
(178,	'QA',	'Qatar',	974,	NULL,	NULL),
(179,	'RE',	'Reunion',	262,	NULL,	NULL),
(180,	'RO',	'Romania',	40,	NULL,	NULL),
(181,	'RU',	'Russia',	70,	NULL,	NULL),
(182,	'RW',	'Rwanda',	250,	NULL,	NULL),
(183,	'SH',	'Saint Helena',	290,	NULL,	NULL),
(184,	'KN',	'Saint Kitts And Nevis',	1869,	NULL,	NULL),
(185,	'LC',	'Saint Lucia',	1758,	NULL,	NULL),
(186,	'PM',	'Saint Pierre and Miquelon',	508,	NULL,	NULL),
(187,	'VC',	'Saint Vincent And The Grenadines',	1784,	NULL,	NULL),
(188,	'WS',	'Samoa',	684,	NULL,	NULL),
(189,	'SM',	'San Marino',	378,	NULL,	NULL),
(190,	'ST',	'Sao Tome and Principe',	239,	NULL,	NULL),
(191,	'SA',	'Saudi Arabia',	966,	NULL,	NULL),
(192,	'SN',	'Senegal',	221,	NULL,	NULL),
(193,	'RS',	'Serbia',	381,	NULL,	NULL),
(194,	'SC',	'Seychelles',	248,	NULL,	NULL),
(195,	'SL',	'Sierra Leone',	232,	NULL,	NULL),
(196,	'SG',	'Singapore',	65,	NULL,	NULL),
(197,	'SK',	'Slovakia',	421,	NULL,	NULL),
(198,	'SI',	'Slovenia',	386,	NULL,	NULL),
(199,	'XG',	'Smaller Territories of the UK',	44,	NULL,	NULL),
(200,	'SB',	'Solomon Islands',	677,	NULL,	NULL),
(201,	'SO',	'Somalia',	252,	NULL,	NULL),
(202,	'ZA',	'South Africa',	27,	NULL,	NULL),
(203,	'GS',	'South Georgia',	0,	NULL,	NULL),
(204,	'SS',	'South Sudan',	211,	NULL,	NULL),
(205,	'ES',	'Spain',	34,	NULL,	NULL),
(206,	'LK',	'Sri Lanka',	94,	NULL,	NULL),
(207,	'SD',	'Sudan',	249,	NULL,	NULL),
(208,	'SR',	'Suriname',	597,	NULL,	NULL),
(209,	'SJ',	'Svalbard And Jan Mayen Islands',	47,	NULL,	NULL),
(210,	'SZ',	'Swaziland',	268,	NULL,	NULL),
(211,	'SE',	'Sweden',	46,	NULL,	NULL),
(212,	'CH',	'Switzerland',	41,	NULL,	NULL),
(213,	'SY',	'Syria',	963,	NULL,	NULL),
(214,	'TW',	'Taiwan',	886,	NULL,	NULL),
(215,	'TJ',	'Tajikistan',	992,	NULL,	NULL),
(216,	'TZ',	'Tanzania',	255,	NULL,	NULL),
(217,	'TH',	'Thailand',	66,	NULL,	NULL),
(218,	'TG',	'Togo',	228,	NULL,	NULL),
(219,	'TK',	'Tokelau',	690,	NULL,	NULL),
(220,	'TO',	'Tonga',	676,	NULL,	NULL),
(221,	'TT',	'Trinidad And Tobago',	1868,	NULL,	NULL),
(222,	'TN',	'Tunisia',	216,	NULL,	NULL),
(223,	'TR',	'Turkey',	90,	NULL,	NULL),
(224,	'TM',	'Turkmenistan',	7370,	NULL,	NULL),
(225,	'TC',	'Turks And Caicos Islands',	1649,	NULL,	NULL),
(226,	'TV',	'Tuvalu',	688,	NULL,	NULL),
(227,	'UG',	'Uganda',	256,	NULL,	NULL),
(228,	'UA',	'Ukraine',	380,	NULL,	NULL),
(229,	'AE',	'United Arab Emirates',	971,	NULL,	NULL),
(230,	'GB',	'United Kingdom',	44,	NULL,	NULL),
(231,	'US',	'United States',	1,	NULL,	NULL),
(232,	'UM',	'United States Minor Outlying Islands',	1,	NULL,	NULL),
(233,	'UY',	'Uruguay',	598,	NULL,	NULL),
(234,	'UZ',	'Uzbekistan',	998,	NULL,	NULL),
(235,	'VU',	'Vanuatu',	678,	NULL,	NULL),
(236,	'VA',	'Vatican City State (Holy See)',	39,	NULL,	NULL),
(237,	'VE',	'Venezuela',	58,	NULL,	NULL),
(238,	'VN',	'Vietnam',	84,	NULL,	NULL),
(239,	'VG',	'Virgin Islands (British)',	1284,	NULL,	NULL),
(240,	'VI',	'Virgin Islands (US)',	1340,	NULL,	NULL),
(241,	'WF',	'Wallis And Futuna Islands',	681,	'2023-01-11 10:46:47',	'2023-01-11 05:16:47'),
(242,	'EH',	'Western Sahara',	212,	NULL,	NULL),
(243,	'YE',	'Yemen',	967,	NULL,	NULL),
(244,	'YU',	'Yugoslavia',	38,	NULL,	NULL),
(245,	'ZM',	'Zambia',	260,	NULL,	NULL),
(246,	'ZW',	'Zimbabwe',	263,	NULL,	NULL);

DROP TABLE IF EXISTS `favourites`;
CREATE TABLE `favourites` (
  `id` int(11) NOT NULL AUTO_INCREMENT,
  `user_id` int(11) DEFAULT NULL,
  `favourite_user_id` varchar(255) DEFAULT NULL,
  `status` enum('Active','Deactive') NOT NULL,
  `created_at` timestamp NOT NULL DEFAULT current_timestamp() ON UPDATE current_timestamp(),
  `updated_at` timestamp NOT NULL DEFAULT '0000-00-00 00:00:00' ON UPDATE current_timestamp(),
  PRIMARY KEY (`id`)
) ENGINE=InnoDB DEFAULT CHARSET=latin1;

INSERT INTO `favourites` (`id`, `user_id`, `favourite_user_id`, `status`, `created_at`, `updated_at`) VALUES
(3,	11,	'1,2,3,7',	'Active',	'2023-05-24 10:00:07',	'0000-00-00 00:00:00'),
(5,	10,	'1,2,3,6,7',	'Active',	'2023-05-24 10:00:07',	'0000-00-00 00:00:00'),
(6,	7,	'1,14',	'Active',	'2023-05-24 10:00:07',	'0000-00-00 00:00:00'),
(10,	8,	'7,9',	'Active',	'2023-05-24 08:12:37',	'2023-05-24 08:12:37'),
(12,	29,	'19,36',	'Active',	'2023-05-28 23:24:02',	'2023-05-28 23:24:02'),
(13,	62,	'45',	'Active',	'2023-06-08 23:07:29',	'2023-06-08 23:07:29'),
(14,	2,	'16',	'Active',	'2023-07-12 06:02:24',	'2023-07-12 06:02:24');

DROP TABLE IF EXISTS `notification_tbl`;
CREATE TABLE `notification_tbl` (
  `id` int(11) NOT NULL AUTO_INCREMENT,
  `from_user_id` int(11) NOT NULL,
  `to_user_id` int(11) NOT NULL,
  `previos_designation` varchar(255) DEFAULT NULL,
  `status` int(11) NOT NULL,
  `created_at` timestamp NOT NULL DEFAULT current_timestamp() ON UPDATE current_timestamp(),
  `updated_at` timestamp NOT NULL DEFAULT '0000-00-00 00:00:00' ON UPDATE current_timestamp(),
  PRIMARY KEY (`id`)
) ENGINE=InnoDB DEFAULT CHARSET=latin1;

INSERT INTO `notification_tbl` (`id`, `from_user_id`, `to_user_id`, `previos_designation`, `status`, `created_at`, `updated_at`) VALUES
(1,	15,	2,	'UI Designer',	0,	'2023-05-24 09:59:03',	'0000-00-00 00:00:00'),
(2,	15,	3,	'UI Designer',	0,	'2023-05-24 09:59:03',	'0000-00-00 00:00:00'),
(3,	15,	10,	'UI Designer',	0,	'2023-05-24 09:59:03',	'0000-00-00 00:00:00'),
(4,	15,	11,	'UI Designer',	0,	'2023-05-24 09:59:03',	'0000-00-00 00:00:00'),
(5,	15,	2,	'UI Designer1',	0,	'2023-05-24 09:59:03',	'0000-00-00 00:00:00'),
(6,	15,	3,	'UI Designer1',	0,	'2023-05-24 09:59:03',	'0000-00-00 00:00:00'),
(7,	15,	10,	'UI Designer1',	0,	'2023-05-24 09:59:03',	'0000-00-00 00:00:00'),
(8,	15,	11,	'UI Designer1',	0,	'2023-05-24 09:59:03',	'0000-00-00 00:00:00'),
(9,	11,	2,	'Jr PHP Developer',	0,	'2023-05-24 09:59:03',	'0000-00-00 00:00:00'),
(10,	11,	10,	'Jr PHP Developer',	0,	'2023-05-24 09:59:03',	'0000-00-00 00:00:00');

DROP TABLE IF EXISTS `plans`;
CREATE TABLE `plans` (
  `id` int(11) NOT NULL AUTO_INCREMENT,
  `title` varchar(255) DEFAULT NULL,
  `description` text DEFAULT NULL,
  `price` int(11) DEFAULT NULL,
  `duration` varchar(255) DEFAULT NULL,
  `image` varchar(255) DEFAULT NULL,
  `status` enum('Active','Deactive') DEFAULT NULL,
  `is_delete` int(11) DEFAULT NULL,
  `created_at` datetime NOT NULL,
  `updated_at` datetime NOT NULL DEFAULT '0000-00-00 00:00:00' ON UPDATE current_timestamp(),
  PRIMARY KEY (`id`)
) ENGINE=InnoDB DEFAULT CHARSET=latin1;

INSERT INTO `plans` (`id`, `title`, `description`, `price`, `duration`, `image`, `status`, `is_delete`, `created_at`, `updated_at`) VALUES
(5,	'Premium',	'Lorem Ipsum',	250,	'one month',	'1688728957wajxJ.png',	'Active',	NULL,	'2023-07-07 10:17:32',	'2023-07-07 11:22:37'),
(6,	'Starter Plan',	'All Text Access',	199,	'1 Months',	'1688730625iproS.png',	'Active',	NULL,	'2023-07-07 11:50:25',	'2023-07-07 11:51:38'),
(7,	'Platinum',	'Lorem ipsum dolor sit amet',	500,	'2 months',	'1688795757WAxyk.png',	'Active',	NULL,	'2023-07-08 05:55:57',	'2023-07-08 06:02:15');

DROP TABLE IF EXISTS `plan_features`;
CREATE TABLE `plan_features` (
  `id` int(11) NOT NULL AUTO_INCREMENT,
  `plan_id` int(11) NOT NULL,
  `feature_title` varchar(255) DEFAULT NULL,
  `created_at` datetime NOT NULL,
  `updated_at` datetime NOT NULL DEFAULT '0000-00-00 00:00:00' ON UPDATE current_timestamp(),
  PRIMARY KEY (`id`)
) ENGINE=InnoDB DEFAULT CHARSET=latin1;

INSERT INTO `plan_features` (`id`, `plan_id`, `feature_title`, `created_at`, `updated_at`) VALUES
(3,	5,	'All Access',	'2023-07-07 10:17:32',	'2023-07-07 11:22:37'),
(4,	5,	'No validations',	'2023-07-07 10:17:32',	'2023-07-07 11:22:37'),
(5,	6,	'Access Texts',	'2023-07-07 11:50:25',	'2023-07-08 05:56:50'),
(6,	6,	'Access Videos',	'2023-07-07 11:50:25',	'2023-07-08 05:56:50'),
(7,	6,	'Access Audios',	'2023-07-07 11:50:25',	'2023-07-08 05:57:00'),
(8,	7,	'Access Texts',	'2023-07-08 05:55:57',	'2023-07-08 05:55:57'),
(9,	7,	'Access Videos',	'2023-07-08 05:55:57',	'2023-07-08 05:55:57'),
(10,	7,	'Access Audios',	'2023-07-08 05:55:57',	'2023-07-08 05:55:57');

SET NAMES utf8mb4;

DROP TABLE IF EXISTS `requests`;
CREATE TABLE `requests` (
  `id` int(11) NOT NULL AUTO_INCREMENT,
  `user_id` int(11) DEFAULT NULL,
  `customer_status` enum('Send') NOT NULL DEFAULT 'Send',
  `to_user_id` int(11) DEFAULT NULL,
  `status` enum('Pending','Accept','Reject') NOT NULL DEFAULT 'Pending',
  `str_time` varchar(255) DEFAULT NULL,
  `is_delete` int(1) DEFAULT NULL,
  `created_at` timestamp NOT NULL DEFAULT current_timestamp(),
  `updated_at` timestamp NOT NULL DEFAULT current_timestamp(),
  PRIMARY KEY (`id`)
) ENGINE=InnoDB DEFAULT CHARSET=utf8mb4;

INSERT INTO `requests` (`id`, `user_id`, `customer_status`, `to_user_id`, `status`, `str_time`, `is_delete`, `created_at`, `updated_at`) VALUES
(9,	2,	'Send',	46,	'Accept',	'1685695495',	NULL,	'2023-06-01 21:44:55',	'2023-06-01 22:42:24'),
(10,	16,	'Send',	46,	'Accept',	'1685695548',	NULL,	'2023-06-01 21:45:48',	'2023-06-01 21:49:04'),
(11,	2,	'Send',	45,	'Accept',	'1685698067',	NULL,	'2023-06-01 22:27:47',	'2023-06-05 00:26:17'),
(12,	16,	'Send',	45,	'Reject',	'1685944335',	1,	'2023-06-05 00:22:15',	'2023-06-05 00:22:24'),
(13,	46,	'Send',	51,	'Accept',	'1685944598',	NULL,	'2023-06-05 00:26:38',	'2023-06-05 00:27:00'),
(14,	46,	'Send',	52,	'Accept',	'1685945016',	NULL,	'2023-06-05 00:33:36',	'2023-06-05 00:45:27'),
(15,	46,	'Send',	47,	'Pending',	'1685945580',	NULL,	'2023-06-05 00:43:00',	'2023-06-05 00:43:00'),
(16,	54,	'Send',	45,	'Accept',	'1685965170',	NULL,	'2023-06-05 06:09:30',	'2023-06-05 06:12:31'),
(17,	55,	'Send',	2,	'Accept',	'1685966609',	NULL,	'2023-06-05 06:33:29',	'2023-06-05 06:47:50'),
(18,	46,	'Send',	55,	'Accept',	'1685967419',	NULL,	'2023-06-05 06:46:59',	'2023-06-05 07:11:12'),
(19,	16,	'Send',	55,	'Accept',	'1685968939',	NULL,	'2023-06-05 07:12:19',	'2023-06-05 07:20:46'),
(20,	54,	'Send',	55,	'Reject',	'1685969139',	1,	'2023-06-05 07:15:39',	'2023-06-05 07:21:16'),
(21,	53,	'Send',	55,	'Pending',	'1685969595',	NULL,	'2023-06-05 07:23:15',	'2023-06-05 07:23:15'),
(22,	53,	'Send',	54,	'Pending',	'1685969646',	NULL,	'2023-06-05 07:24:06',	'2023-06-05 07:24:06'),
(23,	53,	'Send',	52,	'Pending',	'1685969647',	NULL,	'2023-06-05 07:24:07',	'2023-06-05 07:24:07'),
(24,	53,	'Send',	51,	'Pending',	'1685969647',	NULL,	'2023-06-05 07:24:07',	'2023-06-05 07:24:07'),
(25,	53,	'Send',	47,	'Pending',	'1685969650',	NULL,	'2023-06-05 07:24:10',	'2023-06-05 07:24:10'),
(26,	53,	'Send',	46,	'Pending',	'1685969651',	NULL,	'2023-06-05 07:24:11',	'2023-06-05 07:24:11'),
(27,	53,	'Send',	45,	'Pending',	'1685969651',	NULL,	'2023-06-05 07:24:11',	'2023-06-05 07:24:11'),
(28,	53,	'Send',	16,	'Pending',	'1685969653',	NULL,	'2023-06-05 07:24:13',	'2023-06-05 07:24:13'),
(29,	53,	'Send',	2,	'Accept',	'1685969656',	NULL,	'2023-06-05 07:24:16',	'2023-06-08 11:26:26'),
(30,	55,	'Send',	45,	'Pending',	'1685970175',	NULL,	'2023-06-05 07:32:55',	'2023-06-05 07:32:55'),
(31,	55,	'Send',	47,	'Pending',	'1685970611',	NULL,	'2023-06-05 07:40:11',	'2023-06-05 07:40:11'),
(32,	56,	'Send',	2,	'Accept',	'1685971378',	NULL,	'2023-06-05 07:52:58',	'2023-06-05 07:54:07'),
(33,	16,	'Send',	56,	'Accept',	'1685971479',	NULL,	'2023-06-05 07:54:39',	'2023-06-05 07:54:54'),
(34,	45,	'Send',	56,	'Reject',	'1685971520',	1,	'2023-06-05 07:55:20',	'2023-06-05 07:55:29'),
(35,	57,	'Send',	2,	'Reject',	'1686119403',	1,	'2023-06-07 01:00:03',	'2023-06-07 03:11:22'),
(36,	57,	'Send',	45,	'Pending',	'1686119413',	NULL,	'2023-06-07 01:00:13',	'2023-06-07 01:00:13'),
(37,	57,	'Send',	58,	'Accept',	'1686119437',	NULL,	'2023-06-07 01:00:37',	'2023-06-07 01:36:41'),
(38,	57,	'Send',	2,	'Reject',	'1686127352',	1,	'2023-06-07 03:12:32',	'2023-06-07 03:12:44'),
(39,	57,	'Send',	2,	'Reject',	'1686127389',	1,	'2023-06-07 03:13:09',	'2023-06-07 03:13:22'),
(40,	57,	'Send',	2,	'Reject',	'1686127435',	1,	'2023-06-07 03:13:55',	'2023-06-07 03:14:01'),
(41,	2,	'Send',	57,	'Reject',	'1686127526',	1,	'2023-06-07 03:15:26',	'2023-06-07 03:15:33'),
(42,	2,	'Send',	57,	'Reject',	'1686127622',	1,	'2023-06-07 03:17:02',	'2023-06-07 03:17:15'),
(43,	2,	'Send',	57,	'Reject',	'1686127655',	1,	'2023-06-07 03:17:35',	'2023-06-07 03:18:00'),
(44,	2,	'Send',	58,	'Accept',	'1686127675',	NULL,	'2023-06-07 03:17:55',	'2023-06-07 03:21:18'),
(45,	2,	'Send',	57,	'Accept',	'1686127969',	NULL,	'2023-06-07 03:22:49',	'2023-06-07 03:23:20'),
(46,	57,	'Send',	60,	'Pending',	'1686133563',	NULL,	'2023-06-07 04:56:03',	'2023-06-07 04:56:03'),
(47,	57,	'Send',	16,	'Pending',	'1686134162',	NULL,	'2023-06-07 05:06:02',	'2023-06-07 05:06:02'),
(48,	61,	'Send',	57,	'Reject',	'1686284636',	1,	'2023-06-08 22:53:56',	'2023-06-08 22:54:13'),
(49,	57,	'Send',	61,	'Reject',	'1686284665',	1,	'2023-06-08 22:54:25',	'2023-06-08 22:55:38'),
(50,	61,	'Send',	57,	'Accept',	'1686284773',	NULL,	'2023-06-08 22:56:13',	'2023-06-08 22:56:18'),
(51,	62,	'Send',	2,	'Accept',	'1686285335',	NULL,	'2023-06-08 23:05:35',	'2023-07-12 03:15:20'),
(52,	55,	'Send',	54,	'Pending',	'1686291429',	NULL,	'2023-06-09 00:47:09',	'2023-06-09 00:47:09'),
(53,	56,	'Send',	61,	'Pending',	'1686842248',	NULL,	'2023-06-15 09:47:28',	'2023-06-15 09:47:28'),
(54,	56,	'Send',	51,	'Pending',	'1686842279',	NULL,	'2023-06-15 09:47:59',	'2023-06-15 09:47:59'),
(55,	55,	'Send',	78,	'Pending',	'1687957485',	NULL,	'2023-06-28 07:34:45',	'2023-06-28 07:34:45'),
(56,	55,	'Send',	63,	'Pending',	'1688019692',	NULL,	'2023-06-29 00:51:32',	'2023-06-29 00:51:32'),
(57,	79,	'Send',	74,	'Pending',	'1688039849',	NULL,	'2023-06-29 06:27:29',	'2023-06-29 06:27:29'),
(58,	79,	'Send',	75,	'Pending',	'1688039855',	NULL,	'2023-06-29 06:27:35',	'2023-06-29 06:27:35'),
(59,	79,	'Send',	76,	'Pending',	'1688039860',	NULL,	'2023-06-29 06:27:40',	'2023-06-29 06:27:40'),
(60,	79,	'Send',	77,	'Pending',	'1688039862',	NULL,	'2023-06-29 06:27:42',	'2023-06-29 06:27:42'),
(61,	79,	'Send',	78,	'Pending',	'1688039867',	NULL,	'2023-06-29 06:27:47',	'2023-06-29 06:27:47'),
(62,	79,	'Send',	72,	'Pending',	'1688039872',	NULL,	'2023-06-29 06:27:52',	'2023-06-29 06:27:52'),
(63,	79,	'Send',	71,	'Pending',	'1688039875',	NULL,	'2023-06-29 06:27:55',	'2023-06-29 06:27:55'),
(64,	79,	'Send',	70,	'Pending',	'1688039880',	NULL,	'2023-06-29 06:28:00',	'2023-06-29 06:28:00'),
(65,	79,	'Send',	69,	'Pending',	'1688039886',	NULL,	'2023-06-29 06:28:06',	'2023-06-29 06:28:06'),
(66,	79,	'Send',	63,	'Pending',	'1688039893',	NULL,	'2023-06-29 06:28:13',	'2023-06-29 06:28:13'),
(67,	79,	'Send',	62,	'Pending',	'1688039898',	NULL,	'2023-06-29 06:28:18',	'2023-06-29 06:28:18'),
(68,	79,	'Send',	61,	'Pending',	'1688039902',	NULL,	'2023-06-29 06:28:22',	'2023-06-29 06:28:22'),
(69,	79,	'Send',	60,	'Pending',	'1688039908',	NULL,	'2023-06-29 06:28:28',	'2023-06-29 06:28:28'),
(70,	79,	'Send',	59,	'Pending',	'1688039913',	NULL,	'2023-06-29 06:28:33',	'2023-06-29 06:28:33'),
(71,	79,	'Send',	58,	'Pending',	'1688039918',	NULL,	'2023-06-29 06:28:38',	'2023-06-29 06:28:38'),
(72,	79,	'Send',	57,	'Pending',	'1688039923',	NULL,	'2023-06-29 06:28:43',	'2023-06-29 06:28:43'),
(73,	79,	'Send',	56,	'Pending',	'1688039931',	NULL,	'2023-06-29 06:28:51',	'2023-06-29 06:28:51'),
(74,	79,	'Send',	55,	'Accept',	'1688039933',	NULL,	'2023-06-29 06:28:53',	'2023-06-29 06:43:29'),
(75,	79,	'Send',	2,	'Accept',	'1688039940',	NULL,	'2023-06-29 06:29:00',	'2023-06-29 06:51:44'),
(76,	79,	'Send',	16,	'Pending',	'1688039944',	NULL,	'2023-06-29 06:29:04',	'2023-06-29 06:29:04'),
(77,	79,	'Send',	45,	'Pending',	'1688039949',	NULL,	'2023-06-29 06:29:09',	'2023-06-29 06:29:09'),
(78,	79,	'Send',	46,	'Pending',	'1688039953',	NULL,	'2023-06-29 06:29:13',	'2023-06-29 06:29:13'),
(79,	79,	'Send',	47,	'Pending',	'1688039957',	NULL,	'2023-06-29 06:29:17',	'2023-06-29 06:29:17'),
(80,	79,	'Send',	51,	'Pending',	'1688039963',	NULL,	'2023-06-29 06:29:23',	'2023-06-29 06:29:23'),
(81,	79,	'Send',	52,	'Pending',	'1688039968',	NULL,	'2023-06-29 06:29:28',	'2023-06-29 06:29:28'),
(82,	79,	'Send',	53,	'Pending',	'1688039990',	NULL,	'2023-06-29 06:29:50',	'2023-06-29 06:29:50'),
(83,	79,	'Send',	54,	'Pending',	'1688039992',	NULL,	'2023-06-29 06:29:52',	'2023-06-29 06:29:52'),
(84,	80,	'Send',	79,	'Accept',	'1688040452',	NULL,	'2023-06-29 06:37:32',	'2023-06-29 06:39:24'),
(85,	55,	'Send',	62,	'Pending',	'1688796654',	NULL,	'2023-07-08 00:40:54',	'2023-07-08 00:40:54'),
(86,	2,	'Send',	78,	'Pending',	'1689161563',	NULL,	'2023-07-12 06:02:43',	'2023-07-12 06:02:43');

DROP TABLE IF EXISTS `slider_images`;
CREATE TABLE `slider_images` (
  `id` int(11) NOT NULL AUTO_INCREMENT,
  `title` varchar(255) DEFAULT NULL,
  `image` varchar(255) DEFAULT NULL,
  `status` enum('Active','Deactive') NOT NULL,
  `is_delete` int(11) DEFAULT NULL,
  `created_at` datetime NOT NULL,
  `updated_at` datetime NOT NULL DEFAULT '0000-00-00 00:00:00' ON UPDATE current_timestamp(),
  PRIMARY KEY (`id`)
) ENGINE=InnoDB DEFAULT CHARSET=latin1;

INSERT INTO `slider_images` (`id`, `title`, `image`, `status`, `is_delete`, `created_at`, `updated_at`) VALUES
(2,	'Test 1',	'1688791813WRhmG.png',	'Active',	NULL,	'2023-07-07 06:38:41',	'2023-07-08 04:50:13'),
(3,	'Test 2',	'1688791821igCvD.png',	'Active',	NULL,	'2023-07-07 06:42:07',	'2023-07-08 04:50:21'),
(4,	'Test 3',	'1688791830lVLSX.png',	'Active',	NULL,	'2023-07-07 06:45:03',	'2023-07-08 04:50:31');

DROP TABLE IF EXISTS `staff`;
CREATE TABLE `staff` (
  `id` int(11) NOT NULL AUTO_INCREMENT,
  `user_id` int(11) NOT NULL,
  `given_name` varchar(255) NOT NULL,
  `family_name` varchar(255) DEFAULT NULL,
  `organisation` varchar(255) DEFAULT NULL,
  `job_title` varchar(255) DEFAULT NULL,
  `phone` varchar(255) DEFAULT NULL,
  `cell` varchar(255) DEFAULT NULL,
  `email` varchar(255) DEFAULT NULL,
  `skype_name` varchar(255) DEFAULT NULL,
  `street` varchar(255) DEFAULT NULL,
  `city` varchar(255) DEFAULT NULL,
  `state` varchar(255) DEFAULT NULL,
  `country` varchar(255) DEFAULT NULL,
  `zip` varchar(255) DEFAULT NULL,
  `website_url` varchar(255) DEFAULT NULL,
  `social_urls` text DEFAULT NULL,
  `twitter_url` text DEFAULT NULL,
  `fb_url` text DEFAULT NULL,
  `insta_url` text DEFAULT NULL,
  `whatsapp_url` text DEFAULT NULL,
  `snapchat_user` text DEFAULT NULL,
  `google_plus_url` text DEFAULT NULL,
  `linkedin_url` text DEFAULT NULL,
  `four_square_url` text DEFAULT NULL,
  `blog_url` text DEFAULT NULL,
  `youtube_url` text DEFAULT NULL,
  `pinterest_url` text DEFAULT NULL,
  `meetup_url` text DEFAULT NULL,
  `avatar_file` varchar(255) DEFAULT NULL,
  `status` int(11) NOT NULL,
  `qr_code` text DEFAULT NULL,
  `company_logo` text DEFAULT NULL,
  `company_country` varchar(255) DEFAULT NULL,
  `company_profile_link` varchar(255) DEFAULT NULL,
  `is_download` varchar(255) DEFAULT NULL,
  `google_map` text DEFAULT NULL,
  `qr_color` varchar(255) DEFAULT NULL,
  `view_count` int(11) DEFAULT NULL,
  `download_count` int(11) DEFAULT NULL,
  `created_at` datetime NOT NULL,
  `updated_at` datetime NOT NULL DEFAULT '0000-00-00 00:00:00' ON UPDATE current_timestamp(),
  PRIMARY KEY (`id`)
) ENGINE=InnoDB DEFAULT CHARSET=utf8mb4;

INSERT INTO `staff` (`id`, `user_id`, `given_name`, `family_name`, `organisation`, `job_title`, `phone`, `cell`, `email`, `skype_name`, `street`, `city`, `state`, `country`, `zip`, `website_url`, `social_urls`, `twitter_url`, `fb_url`, `insta_url`, `whatsapp_url`, `snapchat_user`, `google_plus_url`, `linkedin_url`, `four_square_url`, `blog_url`, `youtube_url`, `pinterest_url`, `meetup_url`, `avatar_file`, `status`, `qr_code`, `company_logo`, `company_country`, `company_profile_link`, `is_download`, `google_map`, `qr_color`, `view_count`, `download_count`, `created_at`, `updated_at`) VALUES
(9,	29,	'Rishabh',	'Sharma',	'Infosaprkles',	'Php developer',	'0731-4285475',	'9907767669',	'rishu99@gmail.com',	'Rishu',	'250, A Manyvar road',	'Yasen',	'Madhya pradesh',	'India',	'452001',	'infosparkles.com',	NULL,	'twitter.com',	'facebook.com',	'Instaffg.com',	'9907767669',	'infosparkles.com',	'infosparkles.com',	'infosparkles.com',	'infosparkles.com',	'infosparkles.com',	'infosparkles.com',	'infosparkles.com',	'infosparkles.com',	'1685104014IlKlG.jpg',	1,	'staff-9-88ee1759db6e.png',	'16851040141Sq7t.png',	'India',	'Test',	'download',	'on',	'#0ff5cf',	8,	1,	'2023-05-26 12:26:54',	'2023-05-26 16:03:27');

DROP TABLE IF EXISTS `token_oauth_access_tokens`;
CREATE TABLE `token_oauth_access_tokens` (
  `access_token` varchar(40) NOT NULL,
  `client_id` varchar(80) NOT NULL,
  `user_id` varchar(80) DEFAULT NULL,
  `expires` timestamp NOT NULL DEFAULT current_timestamp() ON UPDATE current_timestamp(),
  `scope` varchar(4000) DEFAULT NULL,
  PRIMARY KEY (`access_token`)
) ENGINE=InnoDB DEFAULT CHARSET=latin1 ROW_FORMAT=DYNAMIC;

INSERT INTO `token_oauth_access_tokens` (`access_token`, `client_id`, `user_id`, `expires`, `scope`) VALUES
('060472098278085da5679b5b4882e85a766d4e23',	'24JEcards@240523',	NULL,	'2023-06-08 02:46:16',	NULL),
('06619cdbae2dbb3960a1c4bf314a25ef6ec4486b',	'24JEcards@240523',	NULL,	'2023-06-02 03:23:25',	NULL),
('06c768994b7bd2684472e0316b8ab89a9d5ae43f',	'24JEcards@240523',	NULL,	'2023-06-28 07:41:51',	NULL),
('076ae1112c77987218e87ed4d42d6f85fde43f27',	'24JEcards@240523',	NULL,	'2023-06-07 07:05:19',	NULL),
('0785293a0a7a2f8d9a34cfd2fc772b4ad277fcce',	'24JEcards@240523',	NULL,	'2023-06-07 03:42:00',	NULL),
('0908dcd8fb5cce57a21b8b7bc83752ceb6a9dbef',	'24JEcards@240523',	NULL,	'2023-05-25 09:51:47',	NULL),
('090a4851898f07b1c73a7713933a11f9c84247eb',	'24JEcards@240523',	NULL,	'2023-05-30 03:04:01',	NULL),
('09381ebc79467e08172125ce6befc8169f8cf520',	'24JEcards@240523',	NULL,	'2023-07-12 06:57:37',	NULL),
('0a53acb22fcdc4d2ea3ab793b05461e53200336f',	'24JEcards@240523',	NULL,	'2023-06-01 00:54:02',	NULL),
('0bb5ccf9e04398828dde4679a19bb9917d57ef6f',	'24JEcards@240523',	NULL,	'2023-05-31 01:28:47',	NULL),
('0ca26949d02c96ecc90c540937ca736023966aaa',	'24JEcards@240523',	NULL,	'2023-07-12 09:10:19',	NULL),
('0db84e98c685ac72960712a0020c2cd82457d4d4',	'24JEcards@240523',	NULL,	'2023-05-24 09:44:16',	NULL),
('0e4de0300c910d42d7c92c9fa733e5f6638f0f29',	'24JEcards@240523',	NULL,	'2023-06-27 07:52:42',	NULL),
('0e6f191bc98196d0aaebb59078a18991ac7b12b3',	'24JEcards@240523',	NULL,	'2023-05-30 09:15:47',	NULL),
('1008c77de42d3fe4c30b45d21c929ac879426f19',	'24JEcards@240523',	NULL,	'2023-05-30 01:50:47',	NULL),
('1036ad8a606303be78030ce7d3b39d987b41b19b',	'24JEcards@240523',	NULL,	'2023-06-02 07:03:47',	NULL),
('1041a68b0b9e74803324fb3a8c3fc822a4696c61',	'24JEcards@240523',	NULL,	'2023-06-30 02:14:00',	NULL),
('1059d72b92775f511484e2d8630a9414c0d2d869',	'24JEcards@240523',	NULL,	'2023-05-30 01:18:12',	NULL),
('109c39e1d98ceaf695ef9e3da27e179f8dc762a0',	'24JEcards@240523',	NULL,	'2023-05-25 00:39:39',	NULL),
('10bdea4aa69e0d5e7509ec52356ceba34957aefb',	'24JEcards@240523',	NULL,	'2023-06-05 08:07:58',	NULL),
('113c9f1e9b074a20548c09bb0c3355c661cdec66',	'24JEcards@240523',	NULL,	'2023-06-30 01:13:50',	NULL),
('11f323e605eb8d5ae5fa4b9a0141772306d87f69',	'24JEcards@240523',	NULL,	'2023-07-11 05:33:44',	NULL),
('13fa6f87a48b5ba8041a6d5864a92c3844ac6c1f',	'24JEcards@240523',	NULL,	'2023-06-24 02:47:08',	NULL),
('14b76b9704e3e5bb4ab898936d9b7f002a11a57f',	'24JEcards@240523',	NULL,	'2023-05-30 01:53:29',	NULL),
('154bce2185cf09dcbabc182e1e63d5dc217093ad',	'24JEcards@240523',	NULL,	'2023-06-27 08:02:41',	NULL),
('1570236e19a2cce6bf7b0859582782894192c764',	'24JEcards@240523',	NULL,	'2023-07-12 03:02:49',	NULL),
('17a504d3b38f11553282c49903d19b6f80411d84',	'24JEcards@240523',	NULL,	'2023-06-29 08:42:52',	NULL),
('1c934119034e1f8782a659bb563fa7b94b030404',	'24JEcards@240523',	NULL,	'2023-06-08 02:52:05',	NULL),
('1d7c5b327a816de111e4d0aebdf827433eb500a9',	'24JEcards@240523',	NULL,	'2023-05-30 09:17:52',	NULL),
('1edf431f30a1226945a20de9aed6b83abd278450',	'24JEcards@240523',	NULL,	'2023-05-30 08:28:31',	NULL),
('1f998238675381c34ec035ad2929287491f5352a',	'24JEcards@240523',	NULL,	'2023-06-01 02:15:06',	NULL),
('1fe2b01d0372c3aafb952b819f119a0869a67baf',	'24JEcards@240523',	NULL,	'2023-06-07 03:31:11',	NULL),
('2019769ba65d6863f9ce8672678cc4e85d887634',	'24JEcards@240523',	NULL,	'2023-06-23 04:55:25',	NULL),
('20c028587031347b61d37826400f40aca347c298',	'24JEcards@240523',	NULL,	'2023-06-08 06:03:00',	NULL),
('20ddb4825af19a8f6facbeffe314494bac5e1878',	'24JEcards@240523',	NULL,	'2023-07-12 02:51:02',	NULL),
('223fe2cc525793782ef302902eefebc678d7e530',	'24JEcards@240523',	NULL,	'2023-07-12 02:56:49',	NULL),
('22821189e3c79bec2524f867fcc7fe3307445d06',	'24JEcards@240523',	NULL,	'2023-06-28 00:48:49',	NULL),
('24d47a72b62ecdbe4d9bba14f02839dbc766fc5c',	'24JEcards@240523',	NULL,	'2023-05-25 07:10:33',	NULL),
('25c281c4c08f3ca71a1c286ac5ad61862439090b',	'24JEcards@240523',	NULL,	'2023-05-25 06:57:14',	NULL),
('2a0e48bbaf8cf4760daf63d2fca14c6a6a9ecf3e',	'24JEcards@240523',	NULL,	'2023-06-01 05:44:16',	NULL),
('2a3e71728c24714c76ac30a22f43ae63b9d41590',	'24JEcards@240523',	NULL,	'2023-06-27 08:22:39',	NULL),
('2b1167e79de716eac8d07dc85fe66de09ac7a906',	'24JEcards@240523',	NULL,	'2023-07-12 07:59:53',	NULL),
('2bfd2e4784a98b035d7015c32880289f6b21b751',	'24JEcards@240523',	NULL,	'2023-05-31 07:08:55',	NULL),
('2e4e15e701e861d657bfe2e3aca5556539f6f235',	'24JEcards@240523',	NULL,	'2023-05-30 07:26:43',	NULL),
('326df8c99bbcb924755de63876bd23420831552f',	'24JEcards@240523',	NULL,	'2023-05-30 05:50:24',	NULL),
('337af8d9f6078dc5b7bf72eaa34a8b715563354c',	'24JEcards@240523',	NULL,	'2023-06-28 01:32:48',	NULL),
('3690eb2012778adf627c728301a56cc90d6061ac',	'24JEcards@240523',	NULL,	'2023-06-08 03:01:55',	NULL),
('381b107f9af7ae327f4fbd497cd95d19e90083af',	'24JEcards@240523',	NULL,	'2023-07-12 09:22:52',	NULL),
('3937e5cf5ba43466943736a6a8edc4f17be972a7',	'24JEcards@240523',	NULL,	'2023-06-08 00:42:29',	NULL),
('3a4ab27a71cbfabff80b99321461fc3b07e9d96e',	'24JEcards@240523',	NULL,	'2023-05-30 03:20:47',	NULL),
('3b143c59877f42e77252cd4920c610eb583ccb40',	'24JEcards@240523',	NULL,	'2023-05-24 06:14:38',	NULL),
('3b23e7c39983f40120498a0d20360e322ad508f0',	'24JEcards@240523',	NULL,	'2023-07-08 01:21:22',	NULL),
('3d947b8c5203cb2dc5db1f484a53f69bf9ec7b71',	'24JEcards@240523',	NULL,	'2023-06-24 03:29:18',	NULL),
('430c06a3e5feb7bbe4391f9696d89549f376cb36',	'24JEcards@240523',	NULL,	'2023-05-26 02:57:04',	NULL),
('4454a9a91f14e40986438fa8ef1211bb548f9da6',	'24JEcards@240523',	NULL,	'2023-06-07 03:38:45',	NULL),
('4482ff99be3ed320dfade3a03220acbd9f15e8c1',	'24JEcards@240523',	NULL,	'2023-07-08 00:48:11',	NULL),
('489e3081307c958436dfd8c8ad74681a6f43c479',	'24JEcards@240523',	NULL,	'2023-05-25 06:22:19',	NULL),
('48ed9136d2c4744fd97bcf66385bab619ac98496',	'24JEcards@240523',	NULL,	'2023-05-30 09:31:16',	NULL),
('4a6678da8ed637266a6688cd484cb0411c1ab7a0',	'24JEcards@240523',	NULL,	'2023-06-02 03:37:28',	NULL),
('4a839ff41b05b9f229c0c8ec2f8bafa348bcd5f9',	'24JEcards@240523',	NULL,	'2023-05-30 05:19:07',	NULL),
('4ad2795ba33cbac03ef7db402244f2ca2ca89950',	'24JEcards@240523',	NULL,	'2023-05-30 08:58:43',	NULL),
('4b52ca8bf8e8cf0cbc2e0a3ce14f5b49d8dad064',	'24JEcards@240523',	NULL,	'2023-06-07 01:52:07',	NULL),
('4b898c5caa79b8a906094de68125def6d753adef',	'24JEcards@240523',	NULL,	'2023-06-05 09:08:30',	NULL),
('4c5cf895011222e759ff75b7fc8ae3f1e68da20f',	'24JEcards@240523',	NULL,	'2023-06-07 05:25:45',	NULL),
('4c8699cd31965ce3f8957d6a9b074f85d066154d',	'24JEcards@240523',	NULL,	'2023-07-12 23:33:26',	NULL),
('4dc072102402c1d1674ed9b9fce19e9719bac393',	'24JEcards@240523',	NULL,	'2023-05-31 02:31:49',	NULL),
('4e0b3e046cc695b9373b2ace7e27d8c1ab7025a9',	'24JEcards@240523',	NULL,	'2023-05-31 02:30:31',	NULL),
('4e2270876a30cb8599b3163a4c32bca1876e3613',	'24JEcards@240523',	NULL,	'2023-06-05 08:05:25',	NULL),
('4e29adc0b17e98b69d3c01c77779ef0f22a925a2',	'24JEcards@240523',	NULL,	'2023-06-29 02:46:17',	NULL),
('4e8c2f155b1878aa3da5a344f52d4d30d548db9f',	'24JEcards@240523',	NULL,	'2023-05-31 07:46:54',	NULL),
('4edea8943609546489a05da1a1ee18d20b0549b0',	'24JEcards@240523',	NULL,	'2023-06-05 09:51:53',	NULL),
('527d0e9ea87a63053f0dc8dec879d94db0af9f93',	'24JEcards@240523',	NULL,	'2023-06-08 04:59:56',	NULL),
('54b4a07735ac7ca543becc5f4111838c13b6fcab',	'24JEcards@240523',	NULL,	'2023-06-29 01:43:31',	NULL),
('551c96ea6f6241ef38e816a8aa38a34941e6682c',	'24JEcards@240523',	NULL,	'2023-07-12 07:23:18',	NULL),
('575b79f155551d117a6ab6d4fb2aa9a4e9619af9',	'24JEcards@240523',	NULL,	'2023-05-30 06:08:25',	NULL),
('57b0c29a746a4d4216fee68de0d9b83943c36585',	'24JEcards@240523',	NULL,	'2023-06-05 08:07:01',	NULL),
('5df484bc026d237eecc46e66e83a3127887e88be',	'24JEcards@240523',	NULL,	'2023-05-25 02:53:04',	NULL),
('5df6d2562b3a8c6d61c047a3364c91dddd241ab2',	'24JEcards@240523',	NULL,	'2023-06-02 06:22:01',	NULL),
('5eb89f6ebacc0dc446579c513f38cf6fa6c86078',	'24JEcards@240523',	NULL,	'2023-06-05 01:35:53',	NULL),
('5f6a46ceb00acb9b7c1ed9b543ff649ed3b8e0ec',	'24JEcards@240523',	NULL,	'2023-06-01 02:50:25',	NULL),
('627438ab2fb01db97ed5a1176e4e3bf6e2134820',	'24JEcards@240523',	NULL,	'2023-06-24 04:12:10',	NULL),
('62e6ac8b531ea2dd105e98bef927a53260593d3e',	'24JEcards@240523',	NULL,	'2023-07-08 01:48:39',	NULL),
('630255a315c7249130a80d2a6c026968f9fae72d',	'24JEcards@240523',	NULL,	'2023-06-08 05:43:49',	NULL),
('63c7a4c8aac04b2774ec0de738295ca11b51a8a0',	'24JEcards@240523',	NULL,	'2023-06-27 05:18:11',	NULL),
('63f103eeef2255f4c574a227fb10fd5a7e2501d0',	'24JEcards@240523',	NULL,	'2023-06-08 02:52:55',	NULL),
('66c079831ea5b352f510c603154132575de6777f',	'24JEcards@240523',	NULL,	'2023-06-07 03:19:48',	NULL),
('6947f0d6861265c43569a6755579a7a17e632d00',	'24JEcards@240523',	NULL,	'2023-06-24 05:54:07',	NULL),
('6b5abcbba59778c1af7bb798f5268aa5b15ad88b',	'24JEcards@240523',	NULL,	'2023-05-30 05:13:00',	NULL),
('6c7f4bda5aa6ad5efd7f17f55cbd7e55c30897e5',	'24JEcards@240523',	NULL,	'2023-05-30 01:39:15',	NULL),
('6ded3ef73e637646335a2a1ead3b6b65d621ada9',	'24JEcards@240523',	NULL,	'2023-06-27 07:39:08',	NULL),
('7040f6611825ae7b9b33de78896ddac86d497574',	'24JEcards@240523',	NULL,	'2023-05-31 07:17:25',	NULL),
('717ff2cf43aed0a48b4c1406ac07490c9e57ac14',	'24JEcards@240523',	NULL,	'2023-06-07 03:33:49',	NULL),
('726605eadaa60757a8c51b52392e9ee7b14d3f79',	'24JEcards@240523',	NULL,	'2023-06-08 01:14:17',	NULL),
('7391a5777d740b6d0f7d52808bff025436af2053',	'24JEcards@240523',	NULL,	'2023-06-07 05:07:18',	NULL),
('7511c69ad49554612564fb319c792b8c09526c6a',	'24JEcards@240523',	NULL,	'2023-05-30 07:32:14',	NULL),
('75eefba850b6948b8ac9ef966541f3b77ed5931f',	'24JEcards@240523',	NULL,	'2023-06-07 05:09:55',	NULL),
('7895ef91caf8b9e93081b6f872246264d59a4017',	'24JEcards@240523',	NULL,	'2023-06-07 03:37:31',	NULL),
('7936f0f1eacf306cf37c3910ab1c2717b07d7318',	'24JEcards@240523',	NULL,	'2023-05-31 03:36:52',	NULL),
('795ae8438f842c89da69dc1ac41e226405c9ba9e',	'24JEcards@240523',	NULL,	'2023-06-28 02:06:34',	NULL),
('7979c91f581a623c5e86f13eff898ad550e97b3a',	'24JEcards@240523',	NULL,	'2023-06-05 08:59:17',	NULL),
('7aeb28179ce653fa2292f292c91d7dda3da3dabf',	'24JEcards@240523',	NULL,	'2023-07-08 02:50:22',	NULL),
('7bb53a8554c20586e36b6083b4ce50a145c2e5b1',	'24JEcards@240523',	NULL,	'2023-06-24 01:40:45',	NULL),
('7d69d110ae9898a8d8cfbc165eebe6fb4e84db6d',	'24JEcards@240523',	NULL,	'2023-07-08 02:27:12',	NULL),
('7e345f9b12e0504c8a2fba7e0ccafffeedeffcce',	'24JEcards@240523',	NULL,	'2023-06-07 05:22:56',	NULL),
('7eac91128e9f0b06ef6ba9a6ee6e848b9da261af',	'24JEcards@240523',	NULL,	'2023-06-01 02:03:07',	NULL),
('7edb9bfcf89007684fa4d68e0d013e45b8ad9840',	'24JEcards@240523',	NULL,	'2023-05-30 04:56:25',	NULL),
('7fa68bcea891fa6c463e148748ea66e84149b76b',	'24JEcards@240523',	NULL,	'2023-06-08 04:59:38',	NULL),
('80fa4bafd7876ae4e41709240e5779f12f1cdca6',	'24JEcards@240523',	NULL,	'2023-06-07 05:55:35',	NULL),
('81b90d1a8c08ad54c34f707f161623560eaaca3e',	'24JEcards@240523',	NULL,	'2023-06-24 04:09:13',	NULL),
('82d5a7e3fd03700266d60966f063314b40fd7561',	'24JEcards@240523',	NULL,	'2023-06-08 03:00:43',	NULL),
('82f1bc6622894b9eefac039dedc37a9fd5a1537c',	'24JEcards@240523',	NULL,	'2023-06-08 01:09:46',	NULL),
('8376b5835e9be9e0bf5397aa587182ea9a1a5922',	'24JEcards@240523',	NULL,	'2023-06-29 06:33:18',	NULL),
('87234c64882431d1377f6a993c3fa1d589664eef',	'24JEcards@240523',	NULL,	'2023-06-09 02:46:55',	NULL),
('883a0da5944fc1367e036bcd042255f8db423367',	'24JEcards@240523',	NULL,	'2023-05-31 04:57:18',	NULL),
('884edd4d6887fd833e6ca99c6b8bfd3873a8349f',	'24JEcards@240523',	NULL,	'2023-05-24 09:44:27',	NULL),
('8aaa0e37b9291c069ba3e2e70918c233b35c030e',	'24JEcards@240523',	NULL,	'2023-07-12 23:33:24',	NULL),
('8c1472666e5766c2d8cdc888f9e8546eec685f95',	'24JEcards@240523',	NULL,	'2023-06-29 05:05:07',	NULL),
('8c93d6d0f42fda52961de97ae615aba569046901',	'24JEcards@240523',	NULL,	'2023-06-09 01:42:43',	NULL),
('8cba41fb328acf4443e760b8e5e6134fdd319f88',	'24JEcards@240523',	NULL,	'2023-06-27 07:47:39',	NULL),
('8d910c2885aeeba42d590ca94004b194059db196',	'24JEcards@240523',	NULL,	'2023-07-08 01:20:44',	NULL),
('8deeda4392754632e1499b503d39e773258f08db',	'24JEcards@240523',	NULL,	'2023-06-29 06:25:25',	NULL),
('8ec0b874bab0cf69b9d88122ad95a64702e27cbc',	'24JEcards@240523',	NULL,	'2023-06-05 01:36:01',	NULL),
('8f43f3de955505c3f57afb401ab95d41f2527109',	'24JEcards@240523',	NULL,	'2023-06-27 06:35:51',	NULL),
('8fc260011d0d3d313b881b594741305c08e7f19d',	'24JEcards@240523',	NULL,	'2023-06-07 01:01:01',	NULL),
('8ff4a5762bb4e1b3b7c44db8cb6d9cbaac645e86',	'24JEcards@240523',	NULL,	'2023-07-07 08:13:25',	NULL),
('911f4b4335ca0d5f8a865f3f3cbf4bca1c279305',	'24JEcards@240523',	NULL,	'2023-06-08 13:25:28',	NULL),
('92586e42209073de66c919ab394a2e1b373bc73d',	'24JEcards@240523',	NULL,	'2023-05-31 01:10:42',	NULL),
('93eddb6e35285e86de31538a092499430dd41b65',	'24JEcards@240523',	NULL,	'2023-06-09 00:43:54',	NULL),
('94b786a5ba38b4e9ada5281276fac7e86464f0dc',	'24JEcards@240523',	NULL,	'2023-06-02 03:28:48',	NULL),
('95306d468d7405b5c9d74caa7ba395a8802cee60',	'24JEcards@240523',	NULL,	'2023-05-30 09:17:57',	NULL),
('96f0c4f36fdcf9ca237a6491c934cb887a611b13',	'24JEcards@240523',	NULL,	'2023-07-13 00:40:11',	NULL),
('97d9b6d07e8a58f9d489dd6c23b6ea2b1d96f03c',	'24JEcards@240523',	NULL,	'2023-06-08 02:52:48',	NULL),
('989d94f90bba516310bb2729b245a751396ee358',	'24JEcards@240523',	NULL,	'2023-07-11 06:33:56',	NULL),
('99164c96d0af8869f0210f03c16d55302c84170d',	'24JEcards@240523',	NULL,	'2023-06-08 06:01:19',	NULL),
('9a75cf53b0e2caec697e5d6aa3173c2d9f19f6e1',	'24JEcards@240523',	NULL,	'2023-06-28 03:25:01',	NULL),
('9bb20f469825340df536c715a9d9928f5d117cce',	'24JEcards@240523',	NULL,	'2023-07-07 07:58:29',	NULL),
('9bb95739ef262ace2817bcb2e6cee59cb1fc35de',	'24JEcards@240523',	NULL,	'2023-05-31 07:08:29',	NULL),
('a67dc643cf4605d1a765a4a97fe7884682fa4585',	'24JEcards@240523',	NULL,	'2023-06-08 02:59:51',	NULL),
('a6efc78ce24a9956c97657ce04dff19560b2a335',	'24JEcards@240523',	NULL,	'2023-06-05 01:53:00',	NULL),
('a7576dd754616e28844da1ed7ae84ed59aefd988',	'24JEcards@240523',	NULL,	'2023-05-25 06:56:01',	NULL),
('a9d786f5c90968b96b4114ec77aa3ef08f199a07',	'24JEcards@240523',	NULL,	'2023-05-30 07:36:54',	NULL),
('aacbd64c9b1fe82162489ec8a9c5af298ee08ab5',	'24JEcards@240523',	NULL,	'2023-06-05 01:33:48',	NULL),
('ab07a66d809ffdb3aa5b69d034edf90735cedfc9',	'24JEcards@240523',	NULL,	'2023-07-12 02:57:46',	NULL),
('ab6eaa47e4c4083d134485b3889e57813d679b60',	'24JEcards@240523',	NULL,	'2023-05-30 02:58:14',	NULL),
('abd79febb63cc5a85d5a2b8b5a1eed75d0d9d199',	'24JEcards@240523',	NULL,	'2023-07-12 03:52:46',	NULL),
('ae7cbd14fd8684bea0b1093a42a2521b3ddfef13',	'24JEcards@240523',	NULL,	'2023-05-31 02:25:37',	NULL),
('b040633ec386f4fca998a48840eb71d0ae409a26',	'24JEcards@240523',	NULL,	'2023-06-08 07:14:06',	NULL),
('b045d13dcfb1c2bf813fa123ae9b5a4f3c6dbce3',	'24JEcards@240523',	NULL,	'2023-06-28 08:56:30',	NULL),
('b1207ce1b264835534b819ba9f34159f59ee1c17',	'24JEcards@240523',	NULL,	'2023-07-12 05:57:20',	NULL),
('b3362fb412df90aaa18fd599d295de61a83b44b7',	'24JEcards@240523',	NULL,	'2023-05-30 08:58:24',	NULL),
('b58fa2084b31c1b5c4213a584f02b626613f6dcc',	'24JEcards@240523',	NULL,	'2023-06-07 06:57:40',	NULL),
('b603d7d672362e33fac9c078e009290cd58486c4',	'24JEcards@240523',	NULL,	'2023-06-24 01:42:38',	NULL),
('b7390d96bc1deeceb0307e2dbd170cb1d1483b48',	'24JEcards@240523',	NULL,	'2023-06-09 07:12:13',	NULL),
('b939eb1c8061c21d8e28426d5099895c2880acd0',	'24JEcards@240523',	NULL,	'2023-06-01 05:31:44',	NULL),
('b97ebcb0d004ec8c7e715f84e3ee345bbe3e980c',	'24JEcards@240523',	NULL,	'2023-07-08 00:59:25',	NULL),
('ba150fd231c05c6ea518290de6d2c5b262e9d308',	'24JEcards@240523',	NULL,	'2023-06-02 03:11:05',	NULL),
('ba5695d67ad73f1306b9d36be0a9607acc2e0c67',	'24JEcards@240523',	NULL,	'2023-06-08 01:12:52',	NULL),
('ba890b448b943841da37a2e4e4fc1a94895ecf07',	'24JEcards@240523',	NULL,	'2023-06-07 02:19:23',	NULL),
('bd361c32f8b7cdff4bd12c326de52e98adc3a5ca',	'24JEcards@240523',	NULL,	'2023-06-21 08:08:07',	NULL),
('bfd1fb07b30ca569e037f8087d1b95108263980d',	'24JEcards@240523',	NULL,	'2023-06-08 02:53:11',	NULL),
('c1ba62cea0810c04efe09322ba19bc6703c8c09c',	'24JEcards@240523',	NULL,	'2023-06-07 03:44:38',	NULL),
('c32d6a17250b1b22f6c4602afb80d39d483d2c8e',	'24JEcards@240523',	NULL,	'2023-05-31 00:28:40',	NULL),
('c441de21def6aa886b72517117ebe559a2725cd3',	'24JEcards@240523',	NULL,	'2023-05-25 01:45:09',	NULL),
('c4f3b5abf2c0da3bf8ddeff40121143825a9a4ff',	'24JEcards@240523',	NULL,	'2023-06-02 07:14:40',	NULL),
('c615f7acf062471de93768aa0fa77772a4601347',	'24JEcards@240523',	NULL,	'2023-06-05 02:22:05',	NULL),
('c9ae801c4b49b5d15bda40347e381e5c63b60fbf',	'24JEcards@240523',	NULL,	'2023-07-08 03:56:17',	NULL),
('c9d9761aac0e7d8c98b7bb88cc46deccff92e274',	'24JEcards@240523',	NULL,	'2023-06-07 05:18:22',	NULL),
('ca5b8a085830b1e437ddb02e87467ec9fe1f5e6e',	'24JEcards@240523',	NULL,	'2023-06-08 06:01:04',	NULL),
('cb6351596b5e0a26ad698190b28e735d33aecd3e',	'24JEcards@240523',	NULL,	'2023-05-31 02:24:32',	NULL),
('cbc7cdf9ea4e9843123a5d5d745b65ea71614421',	'24JEcards@240523',	NULL,	'2023-05-25 02:45:31',	NULL),
('ccd0092d6ec3d7d98a3b8a97dfe73a5fb9befe6d',	'24JEcards@240523',	NULL,	'2023-06-29 09:20:35',	NULL),
('ceae597ebb8d9825b02331a4248aa8ec22146a7b',	'24JEcards@240523',	NULL,	'2023-06-10 06:28:11',	NULL),
('cef6035c0db0f46eed637451a2435f32f4baa9d1',	'24JEcards@240523',	NULL,	'2023-06-05 09:06:16',	NULL),
('d0d40be67305ca864abbe556f3a19812861aea72',	'24JEcards@240523',	NULL,	'2023-06-02 05:02:31',	NULL),
('d1bd0de75783553fe12dea32134c552b202865bc',	'24JEcards@240523',	NULL,	'2023-06-09 00:38:58',	NULL),
('d1c3e8b47e8266342e8bfb62e1d526183803517b',	'24JEcards@240523',	NULL,	'2023-06-15 11:47:22',	NULL),
('d1d8cf8f35ab8a1e777cd09a3a7e118e9a63329e',	'24JEcards@240523',	NULL,	'2023-06-08 06:08:11',	NULL),
('d20bce0587f1d48426ba01a3604325be6398efd1',	'24JEcards@240523',	NULL,	'2023-06-28 00:59:05',	NULL),
('ddd86259e6e084ee189aa032d6a15c6fdc1521ed',	'24JEcards@240523',	NULL,	'2023-05-25 05:24:17',	NULL),
('dee143aee6f2264522dc185c5f06dce1cf95c95a',	'24JEcards@240523',	NULL,	'2023-06-08 01:20:31',	NULL),
('dfc34393ef6801237b4ee0a078686aaa9941bb3d',	'24JEcards@240523',	NULL,	'2023-06-08 05:25:42',	NULL),
('e0132fcb25f18b13d748ec171c0789339aa2bdd1',	'24JEcards@240523',	NULL,	'2023-06-27 06:20:32',	NULL),
('e24dd62c08dfb5d6975bfce4ad9a79c6ad499922',	'24JEcards@240523',	NULL,	'2023-06-07 01:43:54',	NULL),
('e41e49949bfd9e91fbc1a96499c40f2eadfb5d3c',	'24JEcards@240523',	NULL,	'2023-05-25 06:22:06',	NULL),
('e52416b3bdf9f0d7e342d900ce2d1f2902058342',	'24JEcards@240523',	NULL,	'2023-06-07 05:56:54',	NULL),
('e86ec45ed9129f40ea3748857a4f63783d8c5034',	'24JEcards@240523',	NULL,	'2023-06-29 06:17:16',	NULL),
('e9b8a09156ec35ae49a42f385c890c8eca1af816',	'24JEcards@240523',	NULL,	'2023-06-05 02:42:22',	NULL),
('ec44bce333cb3525d0ad915dc3a82ecded6d9386',	'24JEcards@240523',	NULL,	'2023-06-09 00:53:41',	NULL),
('ee7ffe308f117d0bdad2b3b98bb7125cd366a27c',	'24JEcards@240523',	NULL,	'2023-06-07 05:12:20',	NULL),
('eeca17c0d64877d74d6ed149098e1291b0d6acf3',	'24JEcards@240523',	NULL,	'2023-06-07 02:48:02',	NULL),
('ef7b4ee694f88bf6a631691dac640c80794d9f06',	'24JEcards@240523',	NULL,	'2023-06-08 03:28:00',	NULL),
('f02327e56005b7b5fddf5c63ca7909a2337cf661',	'24JEcards@240523',	NULL,	'2023-06-29 00:41:17',	NULL),
('f234686c79f2201d84f98d7b5b8dcf132abcde28',	'24JEcards@240523',	NULL,	'2023-06-24 02:24:49',	NULL),
('f3ac6d17d4f5374fd9ee27a561e3da7caf4442b0',	'24JEcards@240523',	NULL,	'2023-06-02 05:10:47',	NULL),
('f4395435f2b89e077a24fc5c410a20263001e811',	'24JEcards@240523',	NULL,	'2023-06-08 02:13:14',	NULL),
('f513203451f00861afa834cafbbedcdffcf66055',	'24JEcards@240523',	NULL,	'2023-06-29 08:19:09',	NULL),
('f752d08290d1a14dc9ad6c1975018cc717b92af0',	'24JEcards@240523',	NULL,	'2023-06-28 09:10:53',	NULL),
('f9d3dc93709bb5dfb178ed72a811147c263581a8',	'24JEcards@240523',	NULL,	'2023-06-08 05:57:36',	NULL),
('fb4080cf09aee7f470c5161ae3bb9a27e8a1e76a',	'24JEcards@240523',	NULL,	'2023-06-08 05:55:24',	NULL),
('fb6b2e4f455b54cbb0a4e891ffe8affa90a81ba0',	'24JEcards@240523',	NULL,	'2023-07-08 05:00:28',	NULL),
('fe4316a9dbb7eb070da374e540c533ca3f12332e',	'24JEcards@240523',	NULL,	'2023-05-31 03:25:26',	NULL),
('ff182e108c9476a8cd83c9db8bec8b9c5d7a7d8c',	'24JEcards@240523',	NULL,	'2023-05-25 08:02:36',	NULL);

DROP TABLE IF EXISTS `token_oauth_authorization_codes`;
CREATE TABLE `token_oauth_authorization_codes` (
  `authorization_code` varchar(40) NOT NULL,
  `client_id` varchar(80) NOT NULL,
  `user_id` varchar(80) DEFAULT NULL,
  `redirect_uri` varchar(2000) DEFAULT NULL,
  `expires` timestamp NOT NULL DEFAULT current_timestamp() ON UPDATE current_timestamp(),
  `scope` varchar(4000) DEFAULT NULL,
  `id_token` varchar(1000) DEFAULT NULL,
  PRIMARY KEY (`authorization_code`)
) ENGINE=InnoDB DEFAULT CHARSET=latin1 ROW_FORMAT=DYNAMIC;


DROP TABLE IF EXISTS `token_oauth_clients`;
CREATE TABLE `token_oauth_clients` (
  `client_id` varchar(80) NOT NULL,
  `client_secret` varchar(80) DEFAULT NULL,
  `redirect_uri` varchar(2000) DEFAULT NULL,
  `grant_types` varchar(80) DEFAULT NULL,
  `scope` varchar(4000) DEFAULT NULL,
  `user_id` varchar(80) DEFAULT NULL,
  PRIMARY KEY (`client_id`)
) ENGINE=InnoDB DEFAULT CHARSET=latin1 ROW_FORMAT=DYNAMIC;

INSERT INTO `token_oauth_clients` (`client_id`, `client_secret`, `redirect_uri`, `grant_types`, `scope`, `user_id`) VALUES
('24JEcards@240523',	'testpass',	'http://fake/',	NULL,	NULL,	NULL);

DROP TABLE IF EXISTS `token_oauth_jwt`;
CREATE TABLE `token_oauth_jwt` (
  `client_id` varchar(80) NOT NULL,
  `subject` varchar(80) DEFAULT NULL,
  `public_key` varchar(2000) NOT NULL
) ENGINE=InnoDB DEFAULT CHARSET=latin1 ROW_FORMAT=DYNAMIC;


DROP TABLE IF EXISTS `token_oauth_refresh_tokens`;
CREATE TABLE `token_oauth_refresh_tokens` (
  `refresh_token` varchar(40) NOT NULL,
  `client_id` varchar(80) NOT NULL,
  `user_id` varchar(80) DEFAULT NULL,
  `expires` timestamp NOT NULL DEFAULT current_timestamp() ON UPDATE current_timestamp(),
  `scope` varchar(4000) DEFAULT NULL,
  PRIMARY KEY (`refresh_token`)
) ENGINE=InnoDB DEFAULT CHARSET=latin1 ROW_FORMAT=DYNAMIC;


DROP TABLE IF EXISTS `token_oauth_scopes`;
CREATE TABLE `token_oauth_scopes` (
  `scope` varchar(80) NOT NULL,
  `is_default` tinyint(1) DEFAULT NULL,
  PRIMARY KEY (`scope`)
) ENGINE=InnoDB DEFAULT CHARSET=latin1 ROW_FORMAT=DYNAMIC;


DROP TABLE IF EXISTS `token_oauth_users`;
CREATE TABLE `token_oauth_users` (
  `username` varchar(80) NOT NULL DEFAULT '',
  `password` varchar(80) DEFAULT NULL,
  `first_name` varchar(80) DEFAULT NULL,
  `last_name` varchar(80) DEFAULT NULL,
  `email` varchar(80) DEFAULT NULL,
  `email_verified` tinyint(1) DEFAULT NULL,
  `scope` varchar(4000) DEFAULT NULL,
  PRIMARY KEY (`username`)
) ENGINE=InnoDB DEFAULT CHARSET=latin1 ROW_FORMAT=DYNAMIC;


DROP TABLE IF EXISTS `users`;
CREATE TABLE `users` (
  `id` int(11) NOT NULL AUTO_INCREMENT,
  `user_id` int(11) DEFAULT NULL,
  `prefix` varchar(255) DEFAULT NULL,
  `first_name` varchar(255) DEFAULT NULL,
  `last_name` varchar(255) DEFAULT NULL,
  `email` varchar(255) DEFAULT NULL,
  `password` varchar(255) DEFAULT NULL,
  `company_name` varchar(255) DEFAULT NULL,
  `designation` varchar(255) DEFAULT NULL,
  `contact` varchar(55) DEFAULT NULL,
  `address` text DEFAULT NULL,
  `country` varchar(255) DEFAULT NULL,
  `country_name` varchar(255) DEFAULT NULL,
  `town` varchar(255) DEFAULT NULL,
  `create_group` varchar(255) DEFAULT NULL,
  `contact_users` varchar(255) DEFAULT NULL,
  `image` text DEFAULT NULL,
  `facebook` text DEFAULT NULL,
  `twitter` text DEFAULT NULL,
  `linkedin` text DEFAULT NULL,
  `instagram` text DEFAULT NULL,
  `whatsapp_url` text DEFAULT NULL,
  `google_plus_url` text DEFAULT NULL,
  `status` varchar(255) DEFAULT NULL,
  `avatar_file` varchar(255) DEFAULT NULL,
  `qr_code` text DEFAULT NULL,
  `company_logo` text DEFAULT NULL,
  `is_download` text DEFAULT NULL,
  `google_map` text DEFAULT NULL,
  `qr_color` text DEFAULT NULL,
  `view_count` text DEFAULT NULL,
  `download_count` text DEFAULT NULL,
  `role` enum('Individual','Company') DEFAULT 'Individual',
  `otp` varchar(25) DEFAULT NULL,
  `source` varchar(255) DEFAULT NULL,
  `is_delete` int(1) DEFAULT NULL,
  `created_at` timestamp NOT NULL DEFAULT current_timestamp(),
  `updated_at` timestamp NOT NULL DEFAULT current_timestamp(),
  PRIMARY KEY (`id`)
) ENGINE=InnoDB DEFAULT CHARSET=utf8mb4;

INSERT INTO `users` (`id`, `user_id`, `prefix`, `first_name`, `last_name`, `email`, `password`, `company_name`, `designation`, `contact`, `address`, `country`, `country_name`, `town`, `create_group`, `contact_users`, `image`, `facebook`, `twitter`, `linkedin`, `instagram`, `whatsapp_url`, `google_plus_url`, `status`, `avatar_file`, `qr_code`, `company_logo`, `is_download`, `google_map`, `qr_color`, `view_count`, `download_count`, `role`, `otp`, `source`, `is_delete`, `created_at`, `updated_at`) VALUES
(2,	NULL,	'Mr.',	'Rishabh',	'Sharma',	'dev4.infosparkles@gmail.com',	'$2y$10$shrmjCyaaYqe7bWxVQTFkuoJv.RLjGS3HnORzLgtCz4yuNx.zsxRG',	'Infosparkles',	'Php developer',	'98260985544',	'11, a vridanvan colony',	NULL,	NULL,	NULL,	'personal',	NULL,	'19748-stock6.png',	NULL,	NULL,	NULL,	NULL,	NULL,	NULL,	'1',	NULL,	NULL,	NULL,	NULL,	NULL,	NULL,	NULL,	NULL,	NULL,	NULL,	NULL,	NULL,	'2023-05-23 12:58:17',	'2023-07-12 05:52:29'),
(16,	NULL,	NULL,	'Dev',	'INFO',	'dev1.infosparkles@gmail.com',	'$2y$10$ZvIpnv.V/HF/DmzJ2e8uo.LCY12PalKqQZ3IgwB5D9VpA06PmJcJ2',	'fdsf',	'Indore',	'7456981230',	'INdia',	'101',	'India',	'ujjain',	'personal',	'2,3,10',	'89008-8c0070e4-b2cc-48a3-b165-5d3b5c415fce.jpeg',	NULL,	NULL,	NULL,	NULL,	NULL,	NULL,	'2',	NULL,	NULL,	NULL,	NULL,	NULL,	NULL,	NULL,	NULL,	NULL,	'3612',	NULL,	NULL,	'2023-05-23 12:58:17',	'2023-05-25 01:43:31'),
(45,	NULL,	NULL,	'Mohit',	NULL,	'dev10infosparkles@gmail.com',	'$2y$10$6.wizFogezM7ixUkUbMtWeoTmHl84TZf0YrEgsAHrDkaIjkc2QmhS',	'Infosparkles',	'Flutter',	'9826098260',	'320, A test',	'101',	NULL,	'Dhar',	'Personal',	'2',	'1685611573l9fHt.png',	NULL,	NULL,	NULL,	NULL,	NULL,	NULL,	'0',	NULL,	NULL,	NULL,	NULL,	NULL,	NULL,	NULL,	NULL,	'Individual',	NULL,	'APP',	NULL,	'2023-06-01 03:48:10',	'2023-06-01 03:56:13'),
(46,	NULL,	NULL,	'Desktop',	'User',	'dev14.infosparkles@gmail.com',	'$2y$10$7ucb2wO/58B2d5ieHyT5rO/GD8TfobUG6f7Ri2iibLNuheSQMQmaO',	'Desktop',	'343',	'434324234234',	'22',	'22',	NULL,	'Indore',	'personal',	'16',	NULL,	NULL,	NULL,	NULL,	NULL,	NULL,	NULL,	'2',	NULL,	NULL,	NULL,	NULL,	NULL,	NULL,	NULL,	NULL,	'Company',	NULL,	'WEB',	NULL,	'2023-06-02 00:27:00',	'2023-06-02 00:27:00'),
(47,	NULL,	NULL,	'Purvi',	'Jain',	'p2p.purvi@gmail.com',	'$2y$10$WIoksUydLtZwfzF1GDsKIO00NAf3wDHIukXM.mxRhVT589coWhTV6',	'InfoSparkles It solution',	'Project Manager',	'8319585484',	'A 304 prakrati coporate Indore',	'2',	NULL,	'Indore Madhya Pradesh',	'business',	NULL,	'1685685574dzMUr.jpg',	NULL,	NULL,	NULL,	NULL,	NULL,	NULL,	'0',	NULL,	NULL,	NULL,	NULL,	NULL,	NULL,	NULL,	NULL,	'Company',	NULL,	'WEB',	NULL,	'2023-06-02 00:29:34',	'2023-06-02 00:29:34'),
(51,	47,	NULL,	'Purvi',	'Jain',	'salonidubey993@gmail.com',	NULL,	'InfoSparkles It solution',	'Project Manager',	'8319585484',	'67, karas dev nagar',	'India',	NULL,	'indore',	NULL,	NULL,	NULL,	'https://www.facebook.com/infosparkles',	'https://twitter.com/home',	'linkedin.com/in/hr-saloni-dubey-87b6831a5',	'https://www.instagram.com/',	'7691943031',	'www.infosparkles.com',	'1',	'1685686277uBVXK.jfif',	'staff-51-4954579f5fff.png',	'1685686277pqqHL.jfif',	'download',	'on',	'#c2adad',	'1',	NULL,	'Individual',	NULL,	'WEB',	NULL,	'2023-06-02 00:41:17',	'2023-06-02 00:41:53'),
(52,	46,	NULL,	'Suresh',	'Singh',	'dev7.infosparkles@gmail.com',	'$2y$10$A6eRc2P3/FmqtRCPnILjPu30ajJgMZ/5mBD0x8j1KGUpF8iPNyqPu',	'TOYO',	'Employee',	'9826088888',	'455, A',	'101',	'India',	'Indore',	NULL,	NULL,	NULL,	'Facebook.com',	'twitter.com',	'link.com',	'insta.com',	'9907767669',	'google.com',	'1',	'1685939606xmF3O.jpg',	'staff-52-fc39b5d3e3f6.png',	'1685939606O1k0T.png',	'download',	'on',	'#5cfcff',	'1',	NULL,	'Individual',	NULL,	'WEB',	NULL,	'2023-06-04 23:03:26',	'2023-06-05 03:05:13'),
(53,	NULL,	NULL,	'Sumit',	NULL,	'dev20.infosparkles@gmail.com',	'$2y$10$Ai8gHpAqpYF0xFHiXho.HOvZOyl0V/48K/slRvkb15Y7cQzqYv0oC',	'INFOTECH',	'Flutter',	'7418529634',	'320, A test',	'101',	NULL,	'Dhar',	'Personal',	'2',	NULL,	NULL,	NULL,	NULL,	NULL,	NULL,	NULL,	'0',	NULL,	NULL,	NULL,	NULL,	NULL,	NULL,	NULL,	NULL,	'Individual',	NULL,	'APP',	NULL,	'2023-06-05 00:23:27',	'2023-06-05 00:23:27'),
(54,	NULL,	NULL,	'Tarun',	NULL,	'tarun.infosparkles@gmail.com',	'$2y$10$jIP4N3ud9OYy5mLJ851QKeP/DlcJoJ5QpMUvte36GXv86/WBcnEVO',	'INFOTECH',	'Flutter',	'9826077885',	'320, A test',	'101',	NULL,	'Dhar',	'Personal',	'2',	'1685965086i1hJa.png',	NULL,	NULL,	NULL,	NULL,	NULL,	NULL,	'0',	NULL,	NULL,	NULL,	NULL,	NULL,	NULL,	NULL,	NULL,	'Individual',	NULL,	'APP',	NULL,	'2023-06-05 06:08:06',	'2023-06-05 06:08:06'),
(55,	NULL,	NULL,	'fkggg',	NULL,	'm@gmail.com',	'$2y$10$bbhmzuouWw4MTROTeqaqBOFWc1M0mjFJM.hn0KNv.GBXNKv2qGiKK',	'Infosparkles',	'Flutter Developer',	'7828079364',	'Prakriti Corporate, Indore',	'101',	NULL,	'Indore',	'personal',	'2',	'1686208419MUAvZ.jpg',	NULL,	NULL,	NULL,	NULL,	NULL,	NULL,	'1',	NULL,	NULL,	NULL,	NULL,	NULL,	NULL,	NULL,	NULL,	'Individual',	'6196',	'APP',	NULL,	'2023-06-05 06:23:55',	'2023-07-12 03:57:22'),
(56,	NULL,	NULL,	'Mohit Jhala2',	NULL,	'mohitjhala2@gmail.com',	'$2y$10$v3.eEg1TOkR7R0cMHtOKF.iFW6lZ7atpR2bZSlAUpPsNZCH6HNvhK',	'Infosparkles',	'Flutter Developer',	'7828079365',	'prakriti corporate',	'101',	NULL,	'Indore',	'personal',	'16',	'1685971347APeqo.jpg',	NULL,	NULL,	NULL,	NULL,	NULL,	NULL,	'1',	NULL,	NULL,	NULL,	NULL,	NULL,	NULL,	NULL,	NULL,	'Individual',	NULL,	'APP',	NULL,	'2023-06-05 07:52:27',	'2023-06-05 07:55:42'),
(57,	NULL,	NULL,	'Mansi',	NULL,	'dev16.infosparkles@gmail.com',	'$2y$10$L671yQEQMT7tbA2g5yQZFuxTBBAFNvvboUp5IxnLzhrZwcx5Du3Xu',	'Infosparkles',	'Software Tester',	'9406626329',	'Malwa Mill square Indore',	'101',	NULL,	'Indore',	'personal',	'2,55,47,46,16',	'1686114792RP9qC.jpg',	NULL,	NULL,	NULL,	NULL,	NULL,	NULL,	'0',	NULL,	NULL,	NULL,	NULL,	NULL,	NULL,	NULL,	NULL,	'Individual',	'1684',	'APP',	NULL,	'2023-06-06 23:43:12',	'2023-06-08 00:46:17'),
(58,	NULL,	NULL,	'M V',	NULL,	'mv@gmail.com',	'$2y$10$KolgJojl6X91JcZEQeXSIO34B5ZuHPbr01.pnUjZIAz9KmGuif.xu',	'IT Company',	'Tester',	'7974544042',	'Australia',	'13',	NULL,	'Australia',	'acquintance',	'55,46,2,47',	'1686118624tegc4.jpg',	NULL,	NULL,	NULL,	NULL,	NULL,	NULL,	'0',	NULL,	NULL,	NULL,	NULL,	NULL,	NULL,	NULL,	NULL,	'Individual',	'8011',	'APP',	NULL,	'2023-06-07 00:47:04',	'2023-06-07 23:57:33'),
(59,	NULL,	NULL,	'123',	NULL,	'123@gmail.com',	'$2y$10$Bn0AgCmE3gFrJcGx7OiFYea.lPchDCIvlDM6VFZaxEKYA2X79E/86',	'Airtel',	'HR',	'1234567890',	'algeria',	'3',	NULL,	'algeria',	'business',	'46,16,47,45,52',	NULL,	NULL,	NULL,	NULL,	NULL,	NULL,	NULL,	'0',	NULL,	NULL,	NULL,	NULL,	NULL,	NULL,	NULL,	NULL,	'Individual',	NULL,	'APP',	NULL,	'2023-06-07 03:35:45',	'2023-06-07 03:35:45'),
(60,	NULL,	NULL,	'SV',	NULL,	'surabhi0692@gmail.com',	'$2y$10$p8gqIFaiC.JuZJ4jGHz3NeZWCrL2/aaXE7agM0RH.Tpp9.m7Eeo3S',	'Airtel',	'HR',	'9876543210',	'Algeria',	'3',	NULL,	'Algeria',	'business',	'51',	'1686129980VoWv9.jpg',	NULL,	NULL,	NULL,	NULL,	NULL,	NULL,	'0',	NULL,	NULL,	NULL,	NULL,	NULL,	NULL,	NULL,	NULL,	'Individual',	'5909',	'APP',	NULL,	'2023-06-07 03:56:20',	'2023-06-07 03:58:21'),
(61,	NULL,	'Dr.',	'M',	'V',	'mansivengurlekar1992@gmail.com',	'$2y$10$1EOYyg9y7pepP6JMQraRK.hsdydWd/Phjhd/iuPMEk8UzQYbEWbFK',	'TEST Company',	'HR',	'9876543210',	'Test Address',	NULL,	NULL,	NULL,	'personal',	NULL,	'1686284590JVNN4.jpg',	NULL,	NULL,	NULL,	NULL,	NULL,	NULL,	'0',	NULL,	NULL,	NULL,	NULL,	NULL,	NULL,	NULL,	NULL,	'Individual',	NULL,	'WEB',	NULL,	'2023-06-08 22:53:10',	'2023-06-08 22:59:02'),
(62,	NULL,	'Miss',	'A',	'Z',	'az@gmail.com',	'$2y$10$NB3CXErnEoJDBZl2feCDM.HoM1Zt6e8rVVXhRng/SGL1rWVicp9Hq',	'ABC',	'Executive',	'1234567890',	'Indore , India',	NULL,	NULL,	NULL,	'business',	NULL,	'1686285112718Nx.jpg',	NULL,	NULL,	NULL,	NULL,	NULL,	NULL,	'1',	NULL,	NULL,	NULL,	NULL,	NULL,	NULL,	NULL,	NULL,	'Company',	NULL,	'WEB',	NULL,	'2023-06-08 23:01:52',	'2023-06-08 23:09:29'),
(63,	NULL,	NULL,	'Mj',	NULL,	'dev17.infosparkles@gmail.com',	'$2y$10$pUTBjARYzgOw7sI3GSxdYOQd1dzTg6biF/L7dGvtme79ZVAZSozVa',	'Infosparkles',	'Indore',	'1234567892',	'test',	'101',	NULL,	'Indore',	'personal',	'2',	'1687583697u3QDo.jpg',	NULL,	NULL,	NULL,	NULL,	NULL,	NULL,	'1',	NULL,	NULL,	NULL,	NULL,	NULL,	NULL,	NULL,	NULL,	'Individual',	NULL,	'APP',	NULL,	'2023-06-23 23:44:57',	'2023-06-23 23:44:57'),
(69,	NULL,	NULL,	'Rishabh 123',	NULL,	'developerphp45@gmail.com',	'$2y$10$VQfsGhGCWxJD.0ASm8D/OeQQb2Wvus4Kpq18.39.QFtaiaa/dt5we',	'Infosys',	'Indore',	'1122112211',	'test',	'101',	NULL,	'indore',	'personal',	'2',	'16875934384JrdX.jpg',	NULL,	NULL,	NULL,	NULL,	NULL,	NULL,	'1',	NULL,	NULL,	NULL,	NULL,	NULL,	NULL,	NULL,	NULL,	'Individual',	NULL,	'APP',	NULL,	'2023-06-24 02:16:42',	'2023-06-24 02:27:18'),
(70,	NULL,	NULL,	'Dev8',	NULL,	'dev8.infosparkles@gmail.com',	'$2y$10$jyO.ftwj7/P87dq0usc4ruUdfSG.7.jzLCJUQxH6tld8FZFZkcMc.',	'Infosparkles',	'indore',	'1234567895',	'Indore',	'101',	NULL,	'Indore',	'personal',	'2',	'1687859465AB05M.jpg',	NULL,	NULL,	NULL,	NULL,	NULL,	NULL,	'0',	NULL,	NULL,	NULL,	NULL,	NULL,	NULL,	NULL,	NULL,	'Individual',	NULL,	'APP',	NULL,	'2023-06-27 04:21:05',	'2023-06-27 04:21:05'),
(71,	NULL,	NULL,	'demo',	NULL,	'demo@gmail.com',	'$2y$10$FEknolruPJO0VoCzhopxvOtoGsbR9Sa4RDJFfDHvUf1XC1BSdbBuC',	'Infosys',	'indore',	'1234567896',	'indore',	'2',	NULL,	'indore',	'personal',	'2',	'1687925959cFApg.jpg',	NULL,	NULL,	NULL,	NULL,	NULL,	NULL,	'0',	NULL,	NULL,	NULL,	NULL,	NULL,	NULL,	NULL,	NULL,	'Individual',	NULL,	'APP',	NULL,	'2023-06-27 22:49:19',	'2023-06-27 22:49:19'),
(72,	NULL,	NULL,	'a',	NULL,	'a@gmail.com',	'$2y$10$6rgg/Y36/AM0HGtWYRC6auYFoDgKOJEO/faGuxOHlMldowmHRsmOy',	'Infosys',	'indore',	'1234567897',	'gmail',	'1',	NULL,	'gmail',	'personal',	'2',	'1687926606vqCrT.jpg',	NULL,	NULL,	NULL,	NULL,	NULL,	NULL,	'0',	NULL,	NULL,	NULL,	NULL,	NULL,	NULL,	NULL,	NULL,	'Individual',	NULL,	'APP',	NULL,	'2023-06-27 23:00:06',	'2023-06-27 23:00:06'),
(74,	NULL,	NULL,	'Infosys',	NULL,	'infosys@gmail.com',	'$2y$10$7DZtt0DD6ujVYbNj5QOAUeLIdg4zMn4X2yAk1oY9ETsU2Ji9ciP5i',	'Infosys 1',	'Infosys 123',	'1234567898',	'Infosysgjghjj',	'1',	NULL,	'Infosys tttt',	'personal',	NULL,	'1687928783yA0pm.png',	NULL,	NULL,	NULL,	NULL,	NULL,	NULL,	'0',	NULL,	NULL,	NULL,	NULL,	NULL,	NULL,	NULL,	NULL,	'Individual',	NULL,	'APP',	NULL,	'2023-06-27 23:36:23',	'2023-06-27 23:36:23'),
(75,	NULL,	NULL,	'Infosys',	NULL,	'Infosys1@gmail.com',	'$2y$10$mYCpv9KAEapYuPhxmwOeyuqgzIhmv7mJAU/pXMb2tzNaKNwFx85yS',	'Infosys',	'indore',	'1234567899',	'indore',	'1',	NULL,	'indore',	'personal',	NULL,	'1687929085AcoZ2.jpg',	NULL,	NULL,	NULL,	NULL,	NULL,	NULL,	'0',	NULL,	NULL,	NULL,	NULL,	NULL,	NULL,	NULL,	NULL,	'Individual',	NULL,	'APP',	NULL,	'2023-06-27 23:41:25',	'2023-06-27 23:41:25'),
(76,	NULL,	NULL,	'b',	NULL,	'b@gmail.com',	'$2y$10$LIIbTCm6XAvqlpvsoo8JLeJmKCf0DOB0zcNJviYMxQux2FhLCJ6oi',	'Infosys',	'Infosys',	'12345678910',	'indore',	'1',	NULL,	'indore',	'personal',	'2',	'1687929224pDhpU.jpg',	NULL,	NULL,	NULL,	NULL,	NULL,	NULL,	'0',	NULL,	NULL,	NULL,	NULL,	NULL,	NULL,	NULL,	NULL,	'Individual',	NULL,	'APP',	NULL,	'2023-06-27 23:43:44',	'2023-06-27 23:43:44'),
(77,	NULL,	NULL,	'c',	NULL,	'c@gmail.com',	'$2y$10$v5JK3mRnxr3.bTkfARh.AOgIAgeU3zIY2nMve8c3MRJZ0p3d3JAGe',	'Indore',	'Indire',	'12345678911',	'Infosys',	'1',	NULL,	'Infosys',	'personal',	NULL,	'1687956068BmcYX.jpg',	NULL,	NULL,	NULL,	NULL,	NULL,	NULL,	'0',	NULL,	NULL,	NULL,	NULL,	NULL,	NULL,	NULL,	NULL,	'Individual',	NULL,	'APP',	NULL,	'2023-06-28 07:11:08',	'2023-06-28 07:11:08'),
(78,	NULL,	'sdasd',	'dddddddsssssssssss',	'dsdsdsd',	'd@gmail.com',	'$2y$10$euRDjNZHABfLlDGBxiRpWeR9vSrw685OP.Kn0G8qiF.zaC17Li7du',	'Infosys',	'Infosys',	'12345678912',	NULL,	NULL,	NULL,	NULL,	NULL,	'16',	'1687956438kUs1A.jpg',	NULL,	NULL,	NULL,	NULL,	NULL,	NULL,	'Active',	NULL,	NULL,	NULL,	NULL,	NULL,	NULL,	NULL,	NULL,	'Individual',	NULL,	'APP',	NULL,	'2023-06-28 07:17:18',	'2023-07-12 07:42:54'),
(79,	NULL,	NULL,	'Tongai Kabaira',	NULL,	'tkabaira@worldbicyclerelief.org',	'$2y$10$h6kfrpROo8ZKOeckAQoQwOtnIMoTXz1PDZLbrb3rEvkl.8P5yYArS',	'Buffalo Bicycles',	'Financial Controller',	'779498983',	'85 Broadlands \nEmerald Hill\nHarare\nZimbabwe',	'246',	NULL,	'Harare',	'personal',	NULL,	'16880394249BIkQ.jpg',	NULL,	NULL,	NULL,	NULL,	NULL,	NULL,	'0',	NULL,	NULL,	NULL,	NULL,	NULL,	NULL,	NULL,	NULL,	'Individual',	NULL,	'APP',	NULL,	'2023-06-29 06:20:24',	'2023-06-29 06:20:24'),
(80,	NULL,	NULL,	'Eva Mushaike',	NULL,	'evamushaike2@gmail.com',	'$2y$10$1mwPKmpDg0Ni7d2UDBxqxOq5fR0vJWrMLra3XHp7zHao9nC9iEF42',	'KwaEva Saloon',	'Hair & Beauty Specialist',	'773203971',	'Pennywise Shops\nEastlea \nHarare',	'246',	NULL,	'Harare',	'personal',	NULL,	'1688040413h0dkN.jpg',	NULL,	NULL,	NULL,	NULL,	NULL,	NULL,	'0',	NULL,	NULL,	NULL,	NULL,	NULL,	NULL,	NULL,	NULL,	'Individual',	NULL,	'APP',	NULL,	'2023-06-29 06:36:53',	'2023-06-29 06:36:53'),
(81,	NULL,	NULL,	'Mudu',	'Mulong',	'tongai.kabaira@gmail.com',	'$2y$10$qeM3MoMNFfLYWSbIA0yVheL2EPInv4H7w.ph3g39kq82FmW7Q3p0m',	'UMP',	'Director',	'263779498983',	'UMP',	'246',	NULL,	'UMP',	'personal',	NULL,	NULL,	NULL,	NULL,	NULL,	NULL,	NULL,	NULL,	'0',	NULL,	NULL,	NULL,	NULL,	NULL,	NULL,	NULL,	NULL,	'Company',	NULL,	'WEB',	NULL,	'2023-07-12 01:34:43',	'2023-07-12 01:34:43');

DROP TABLE IF EXISTS `users_description`;
CREATE TABLE `users_description` (
  `id` int(11) NOT NULL AUTO_INCREMENT,
  `User_id` int(11) DEFAULT NULL,
  `company` varchar(255) DEFAULT NULL,
  `location` varchar(255) DEFAULT NULL,
  `services` varchar(255) DEFAULT NULL,
  `role` varchar(55) DEFAULT NULL,
  `company_contact` varchar(55) DEFAULT NULL,
  `company_email` varchar(55) DEFAULT NULL,
  `linkedin_url` text DEFAULT NULL,
  `facebook_url` text DEFAULT NULL,
  `twitter_url` text DEFAULT NULL,
  `instagram_url` text DEFAULT NULL,
  `created_at` timestamp NOT NULL DEFAULT current_timestamp(),
  `updated_at` timestamp NOT NULL DEFAULT current_timestamp(),
  PRIMARY KEY (`id`)
) ENGINE=InnoDB DEFAULT CHARSET=latin1;

INSERT INTO `users_description` (`id`, `User_id`, `company`, `location`, `services`, `role`, `company_contact`, `company_email`, `linkedin_url`, `facebook_url`, `twitter_url`, `instagram_url`, `created_at`, `updated_at`) VALUES
(8,	7,	'UMP Industries',	'Mtawatawa, UMP',	'Various',	'Chairman',	'',	'info@ump.co.zw',	'UMP_Industries',	'UMP_Industries',	'UMP_Industries',	'UMP_Industries',	'2023-05-24 08:33:13',	'2023-05-24 08:33:13'),
(9,	7,	'Buffalo Bicycles',	'Ruwa, Zimbabwe',	'Bicycles, spares & repairs',	'Financial Controller',	'+263779498983',	'kabaira@buffalo.com',	'BuffaloBikes',	'BuffaloBikes',	'BuffaloBikes',	'BuffaloBikes',	'2023-05-24 08:33:13',	'2023-05-24 08:33:13'),
(12,	10,	'fggdg',	'ddffdf',	'fdfsdf',	'4',	'8785454545',	'dev2.infosparkles@gmail.com',	'dffdf',	'fdfdf',	'fdsdfdfdfsdf',	'dfdfsdf',	'2023-05-24 08:33:13',	'2023-05-24 08:33:13'),
(49,	8,	'TATA',	'INDORE',	'IT',	'DEVELOPER',	'982655447',	'company1@gmail.com',	'test linkedin',	'test facebook',	'test twitter',	'test instagram',	'2023-05-25 00:04:51',	'2023-05-25 00:04:51'),
(50,	8,	'CAPITAL',	'UJJAIN',	'Survey',	'Tester',	'7418529630',	'survey@gmail.com',	'test linkedin 2',	'Facebook url 2',	'Twiitter 2',	'Insta 2',	'2023-05-25 00:04:51',	'2023-05-25 00:04:51'),
(53,	29,	'TATA',	'INDORE',	'IT',	'DEVELOPER',	'982655447',	'545@gmail.comm',	'test linkedin',	'test facebook',	'test twitter',	'gggggg',	'2023-05-28 23:17:01',	'2023-05-28 23:17:01'),
(56,	62,	'IT Company',	'Metro City',	'Services',	'HR',	'4563210',	'test@gmail.com',	NULL,	NULL,	NULL,	NULL,	'2023-06-08 23:09:29',	'2023-06-08 23:09:29'),
(61,	2,	'cmpany 1',	'location 1',	'services 1',	'role 1',	'contact 1',	'email1',	'link1',	'fabe1',	'twiitter1',	'insytagram 111',	'2023-07-12 05:52:29',	'2023-07-12 05:52:29'),
(62,	2,	'cmpany 22',	'location 1222',	'services 1222',	'role 1222',	'ontact 1 2222',	'email 2',	'link 2222',	'FN 2222',	'Tiwtter 222',	'insyt222',	'2023-07-12 05:52:29',	'2023-07-12 05:52:29');

-- 2023-07-13 04:21:12
